URL,Last crawled
https://findmyweddingvendor.com/top-20/cake-designers/cupcakes-and-dessert-bars/bangor/maine,2026-01-20
https://findmyweddingvendor.com/top-20/wedding-planners/partial-planning/jacksonville/florida,2026-01-20
https://findmyweddingvendor.com/top-20/caterers/mexican/columbus/ohio,2026-01-20
https://findmyweddingvendor.com/top-20/florists/modern-arrangements/Lubbock/Texas,2026-01-20
https://findmyweddingvendor.com/top-20/carts/cocktail-carts/Fairbanks/Alaska,2026-01-20
https://findmyweddingvendor.com/top-20/carts/dessert-carts/Fairbanks/Alaska,2026-01-20
https://findmyweddingvendor.com/top-20/florists/rusticbohemian/columbus/ohio,2026-01-20
"https://findmyweddingvendor.com/top-20/wedding-decorators/themed-decor/Rapid 
City/South Dakota",2026-01-20
https://findmyweddingvendor.com/top-20/bridal-shops/plus-size-specialists/austin/texas,2026-01-20
https://findmyweddingvendor.com/top-20/cake-designers/moderncontemporary/springfield/massachusetts,2026-01-20
https://findmyweddingvendor.com/top-20/wedding-planners/full-service-planning/san-diego/california,2026-01-20
https://findmyweddingvendor.com/top-20/venues/gardens-and-parks/el-paso/texas,2026-01-20
https://findmyweddingvendor.com/top-20/bridal-shops/plus-size-specialists/las-cruces/new-mexico,2026-01-20
"https://findmyweddingvendor.com/top-20/carts/matcha-carts/Rapid City/South 
Dakota",2026-01-19
https://findmyweddingvendor.com/top-20/caterers/middle-eastern/charleston/west-virginia,2026-01-19
https://findmyweddingvendor.com/top-20/caterers/thai/dallas/texas,2026-01-19
https://findmyweddingvendor.com/top-20/caterers/chinese/amarillo/texas,2026-01-19
https://findmyweddingvendor.com/top-20/caterers/japanese/cheyenne/wyoming,2026-01-19
https://findmyweddingvendor.com/top-20/caterers/indian/raleigh/north-carolina,2026-01-19
https://findmyweddingvendor.com/top-20/djs-and-bands/djs/las-cruces/new-mexico,2026-01-19
https://findmyweddingvendor.com/top-20/venues/barns-and-farms/garland/texas,2026-01-19
https://findmyweddingvendor.com/top-20/venues/ballrooms/garland/texas,2026-01-19
https://findmyweddingvendor.com/top-20/videographers/drone-videography/cincinnati/ohio,2026-01-19
https://findmyweddingvendor.com/top-20/photographers/traditional-photography/grand-island/nebraska,2026-01-19
https://findmyweddingvendor.com/top-20/caterers/italian/Plano/Texas,2026-01-19
https://findmyweddingvendor.com/top-20/caterers/mexican/hartford/connecticut,2026-01-19
https://findmyweddingvendor.com/top-20/caterers/indian/columbus/ohio,2026-01-19
https://findmyweddingvendor.com/top-20/photographers/traditional-photography/louisiana/louisiana,2026-01-19
https://findmyweddingvendor.com/top-20/bridal-shops/custom-design/Norfolk/Virginia,2026-01-19
https://findmyweddingvendor.com/top-20/wedding-decorators/lighting-design/charleston/west-virginia,2026-01-19
https://findmyweddingvendor.com/top-20/caterers/indian/fargo/north-dakota,2026-01-19
https://findmyweddingvendor.com/top-20/hair-stylists/extensions-and-volume/amarillo/texas,2026-01-19
https://findmyweddingvendor.com/top-20/carts/cocktail-carts/Austin/Texas,2026-01-19
https://findmyweddingvendor.com/top-20/venues/gardens-and-parks/cincinnati/ohio,2026-01-19
https://findmyweddingvendor.com/top-20/photographers/photojournalistic/casper/wyoming,2026-01-19
https://findmyweddingvendor.com/top-20/wedding-decorators/themed-decor/bowling-green/kentucky,2026-01-19
"https://findmyweddingvendor.com/top-20/bridal-shops/budget-friendly/Albany/New 
York",2026-01-19
https://findmyweddingvendor.com/top-20/wedding-planners/full-service-planning/omaha/nebraska,2026-01-19
https://findmyweddingvendor.com/top-20/wedding-planners/partial-planning/Tucson/Arizona,2026-01-19
https://findmyweddingvendor.com/top-20/wedding-planners/partial-planning/stamford/connecticut,2026-01-19
https://findmyweddingvendor.com/top-20/caterers/indian/houston/texas,2026-01-19
https://findmyweddingvendor.com/top-20/videographers/cinematic-style/sioux-falls/south-dakota,2026-01-19
https://findmyweddingvendor.com/top-20/caterers/spanish/columbus/ohio,2026-01-19
https://findmyweddingvendor.com/top-20/florists/luxuryextravagant/trenton/new-jersey,2026-01-19
https://findmyweddingvendor.com/top-20/wedding-planners/destination-wedding-planning/Springfield/Missouri,2026-01-19
"https://findmyweddingvendor.com/top-20/carts/coffee-carts/Little 
Rock/Arkansas",2026-01-19
https://findmyweddingvendor.com/top-20/wedding-decorators/lighting-design/baton-rouge/louisiana,2026-01-19
"https://findmyweddingvendor.com/top-20/makeup-artists/airbrush-makeup/Green 
Bay/Wisconsin",2026-01-19
https://findmyweddingvendor.com/top-20/caterers/spanish/salt-lake-city/utah,2026-01-19
https://findmyweddingvendor.com/top-20/caterers/french/colorado-springs/colorado,2026-01-19
https://findmyweddingvendor.com/top-20/florists/minimalist/salt-lake-city/utah,2026-01-19
https://findmyweddingvendor.com/top-20/wedding-decorators/lighting-design/grand-forks/north-dakota,2026-01-19
https://findmyweddingvendor.com/top-20/djs-and-bands/live-bands/portland/maine,2026-01-19
https://findmyweddingvendor.com/top-20/bridal-shops/custom-design/omaha/nebraska,2026-01-19
https://findmyweddingvendor.com/top-20/wedding-decorators/draping-and-linens/reno/nevada,2026-01-19
https://findmyweddingvendor.com/top-20/hair-stylists/updos-&-formal-styles/Hartford/Connecticut,2026-01-19
https://findmyweddingvendor.com/top-20/wedding-planners/partial-planning/amarillo/texas,2026-01-19
https://findmyweddingvendor.com/top-20/wedding-planners/destination-wedding-planning/Cincinnati/Ohio,2026-01-19
https://findmyweddingvendor.com/top-20/wedding-planners/day-of-coordination/spokane/washington,2026-01-19
https://findmyweddingvendor.com/top-20/makeup-artists/destination-wedding/Frederick/Maryland,2026-01-19
https://findmyweddingvendor.com/top-20/wedding-planners/partial-planning/columbus/ohio,2026-01-19
https://findmyweddingvendor.com/top-20/caterers/thai/montpelier/vermont,2026-01-19
https://findmyweddingvendor.com/top-20/caterers/indian/amarillo/texas,2026-01-19
https://findmyweddingvendor.com/top-20/caterers/indian/columbia/south-carolina,2026-01-19
https://findmyweddingvendor.com/top-20/caterers/middle-eastern/albuquerque/new-mexico,2026-01-19
https://findmyweddingvendor.com/top-20/photographers/fine-art/casper/wyoming,2026-01-19
https://findmyweddingvendor.com/top-20/photographers/photojournalistic/nashville/tennessee,2026-01-19
https://findmyweddingvendor.com/top-20/photographers/engagement-specialists/missouri/missouri,2026-01-19
https://findmyweddingvendor.com/top-20/cake-designers/rusticnaked-cakes/laramie/wyoming,2026-01-19
https://findmyweddingvendor.com/top-20/caterers/italian/trenton/new-jersey,2026-01-19
https://findmyweddingvendor.com/top-20/wedding-planners/partial-planning/springfield/missouri,2026-01-19
https://findmyweddingvendor.com/top-20/caterers/thai/jersey-city/new-jersey,2026-01-19
https://findmyweddingvendor.com/top-20/caterers/spanish/new-york-city/new-york,2026-01-19
https://findmyweddingvendor.com/top-20/caterers/middle-eastern/grand-forks/north-dakota,2026-01-19
https://findmyweddingvendor.com/top-20/hair-stylists/extensions-and-volume/fayetteville/arkansas,2026-01-19
https://findmyweddingvendor.com/top-20/wedding-planners/partial-planning/hartford/connecticut,2026-01-19
https://findmyweddingvendor.com/top-20/caterers/mexican/trenton/new-jersey,2026-01-19
https://findmyweddingvendor.com/top-20/carts/champagne-carts/sacramento/california,2026-01-19
https://findmyweddingvendor.com/top-20/carts/champagne-carts/Jacksonville/Florida,2026-01-19
https://findmyweddingvendor.com/top-20/caterers/indian/trenton/new-jersey,2026-01-19
https://findmyweddingvendor.com/top-20/bridal-shops/budget-friendly/idaho-falls/idaho,2026-01-19
https://findmyweddingvendor.com/top-20/hair-stylists/on-location-services/springfield/massachusetts,2026-01-19
https://findmyweddingvendor.com/top-20/wedding-planners/day-of-coordination/bowling-green/kentucky,2026-01-19
https://findmyweddingvendor.com/top-20/wedding-planners/full-service-planning/ogden/utah,2026-01-19
https://findmyweddingvendor.com/top-20/djs-and-bands/djs/fairbanks/alaska,2026-01-19
https://findmyweddingvendor.com/top-20/venues/barns-&-farms/Laramie/Wyoming,2026-01-19
https://findmyweddingvendor.com/top-20/carts/dessert-carts/Austin/Texas,2026-01-19
https://findmyweddingvendor.com/top-20/caterers/mediterranean/fargo/north-dakota,2026-01-19
https://findmyweddingvendor.com/top-20/caterers/chinese/irving/texas,2026-01-19
https://findmyweddingvendor.com/top-20/bridal-shops/plus-size-specialists/south-bend/indiana,2026-01-19
https://findmyweddingvendor.com/top-20/makeup-artists/destination-wedding/st-louis/missouri,2026-01-19
"https://findmyweddingvendor.com/top-20/makeup-artists/airbrush-makeup/Fort 
Wayne/Indiana",2026-01-19
https://findmyweddingvendor.com/top-20/carts/dessert-carts/Memphis/Tennessee,2026-01-19
https://findmyweddingvendor.com/top-20/wedding-planners/partial-planning/tulsa/oklahoma,2026-01-19
https://findmyweddingvendor.com/top-20/cake-designers/cupcakes-and-dessert-bars/new-york-city/new-york,2026-01-19
https://findmyweddingvendor.com/search/florists,2026-01-19
https://findmyweddingvendor.com/top-20/wedding-planners/day-of-coordination/birmingham/alabama,2026-01-19
"https://findmyweddingvendor.com/top-20/bridal-shops/budget-friendly/Manchester/New 
Hampshire",2026-01-19
https://findmyweddingvendor.com/top-20/wedding-planners/partial-planning/indianapolis/indiana,2026-01-19
https://findmyweddingvendor.com/top-20/bridal-shops/vintageantique/detroit/michigan,2026-01-19
"https://findmyweddingvendor.com/top-20/cake-designers/specialty-dietary/Grand 
Rapids/Michigan",2026-01-19
https://findmyweddingvendor.com/top-20/wedding-decorators/draping-&-linens/Tacoma/Washington,2026-01-19
https://findmyweddingvendor.com/top-20/makeup-artists/airbrush-makeup/Mobile/Alabama,2026-01-19
https://findmyweddingvendor.com/top-20/carts/cocktail-carts/Tacoma/Washington,2026-01-19
https://findmyweddingvendor.com/top-20/wedding-decorators/floral-installations/houston/texas,2026-01-19
https://findmyweddingvendor.com/top-20/carts/flower-carts/Tacoma/Washington,2026-01-19
https://findmyweddingvendor.com/top-20/venues/wineries-and-vineyards/indianapolis/indiana,2026-01-19
https://findmyweddingvendor.com/top-20/venues/industrial-spaces/jersey-city/new-jersey,2026-01-18
https://findmyweddingvendor.com/top-20/venues/gardens-and-parks/newport/rhode-island,2026-01-18
https://findmyweddingvendor.com/top-20/caterers/american/tucson/arizona,2026-01-18
https://findmyweddingvendor.com/top-20/wedding-decorators/reception-decor/birmingham/alabama,2026-01-18
https://findmyweddingvendor.com/top-20/venues/hotels-and-resorts/milwaukee/wisconsin,2026-01-18
https://findmyweddingvendor.com/top-20/makeup-artists/bridal-makeup/norman/oklahoma,2026-01-18
https://findmyweddingvendor.com/top-20/caterers/japanese/mesa/arizona,2026-01-18
https://findmyweddingvendor.com/top-20/carts/champagne-carts/bismarck/north-dakota,2026-01-18
https://findmyweddingvendor.com/top-20/videographers/cinematic-style/Bangor/Maine,2026-01-18
"https://findmyweddingvendor.com/top-20/carts/matcha-carts/Little 
Rock/Arkansas",2026-01-18
https://findmyweddingvendor.com/top-20/wedding-planners/partial-planning/green-bay/wisconsin,2026-01-18
https://findmyweddingvendor.com/top-20/makeup-artists/bridal-makeup/Orlando/Florida,2026-01-18
https://findmyweddingvendor.com/top-20/videographers/cinematic-style/bangor/maine,2026-01-18
https://findmyweddingvendor.com/top-20/djs-and-bands/djs/jackson/mississippi,2026-01-18
https://findmyweddingvendor.com/top-20/wedding-decorators/reception-decor/saint-paul/minnesota,2026-01-18
https://findmyweddingvendor.com/top-20/videographers/traditional-videography/fort-worth/texas,2026-01-18
https://findmyweddingvendor.com/top-20/carts/matcha-carts/Fairbanks/Alaska,2026-01-18
https://findmyweddingvendor.com/top-20/bridal-shops/vintageantique/dallas/texas,2026-01-18
https://findmyweddingvendor.com/top-20/carts/dessert-carts/houston/texas,2026-01-18
https://findmyweddingvendor.com/top-20/djs-and-bands/orchestras/Louisville/Kentucky,2026-01-18
https://findmyweddingvendor.com/top-20/carts/dessert-carts/las-vegas/nevada,2026-01-18
"https://findmyweddingvendor.com/top-20/bridal-shops/plus-size-specialists/Buffalo/New 
York",2026-01-18
https://findmyweddingvendor.com/top-20/cake-designers/traditional-cakes/huntington/west-virginia,2026-01-18
https://findmyweddingvendor.com/top-20/florists/classictraditional/santa-fe/new-mexico,2026-01-18
https://findmyweddingvendor.com/top-20/venues/hotels-and-resorts/cleveland/ohio,2026-01-18
https://findmyweddingvendor.com/top-20/photographers/aerial-photography/corpus-christi/texas,2026-01-18
"https://findmyweddingvendor.com/top-20/makeup-artists/airbrush-makeup/South 
Bend/Indiana",2026-01-18
https://findmyweddingvendor.com/top-20/makeup-artists/destination-wedding/Rockford/Illinois,2026-01-18
https://findmyweddingvendor.com/top-20/wedding-planners/day-of-coordination/south-bend/indiana,2026-01-18
https://findmyweddingvendor.com/top-20/photographers/photojournalistic/san-antonio/texas,2026-01-18
https://findmyweddingvendor.com/top-20/caterers/indian/irving/texas,2026-01-18
https://findmyweddingvendor.com/top-20/florists/minimalist/Worcester/Massachusetts,2026-01-18
"https://findmyweddingvendor.com/top-20/wedding-decorators/reception-decor/Oklahoma 
City/Oklahoma",2026-01-18
https://findmyweddingvendor.com/top-20/photographers/engagement-specialists/sacramento/california,2026-01-18
"https://findmyweddingvendor.com/top-20/makeup-artists/destination-wedding/Albuquerque/New 
Mexico",2026-01-18
"https://findmyweddingvendor.com/top-20/carts/flower-carts/Little 
Rock/Arkansas",2026-01-18
"https://findmyweddingvendor.com/top-20/videographers/cinematic-style/Fort 
Wayne/Indiana",2026-01-18
https://findmyweddingvendor.com/top-20/djs-and-bands/solo-musicians/montgomery/alabama,2026-01-18
https://findmyweddingvendor.com/top-20/wedding-planners/day-of-coordination/Houston/Texas,2026-01-18
https://findmyweddingvendor.com/top-20/wedding-planners/partial-planning/san-francisco/california,2026-01-18
https://findmyweddingvendor.com/top-20/carts/champagne-carts/jacksonville/florida,2026-01-18
https://findmyweddingvendor.com/top-20/wedding-planners/day-of-coordination/manchester/new-hampshire,2026-01-18
https://findmyweddingvendor.com/top-20/caterers/indian/miami/florida,2026-01-18
https://findmyweddingvendor.com/top-20/wedding-planners/destination-wedding-planning/Boulder/Colorado,2026-01-18
https://findmyweddingvendor.com/top-20/wedding-planners/cultural-wedding-specialists/tacoma/washington,2026-01-18
"https://findmyweddingvendor.com/top-20/hair-stylists/multicultural-hair/Trenton/New 
Jersey",2026-01-18
"https://findmyweddingvendor.com/top-20/carts/champagne-carts/Cedar 
Rapids/Iowa",2026-01-18
https://findmyweddingvendor.com/top-20/cake-designers/traditional-cakes/las-cruces/new-mexico,2026-01-18
https://findmyweddingvendor.com/top-20/wedding-planners/day-of-coordination/bangor/maine,2026-01-18
"https://findmyweddingvendor.com/top-20/carts/cocktail-carts/Cedar 
Rapids/Iowa",2026-01-18
https://findmyweddingvendor.com/top-20/florists/rusticbohemian/amarillo/texas,2026-01-18
https://findmyweddingvendor.com/top-20/carts/dessert-carts/Cedar Rapids/Iowa,2026-01-18
https://findmyweddingvendor.com/top-20/cake-designers/cupcakes-and-dessert-bars/casper/wyoming,2026-01-18
https://findmyweddingvendor.com/top-20/wedding-decorators/reception-decor/oklahoma-city/oklahoma,2026-01-18
https://findmyweddingvendor.com/top-20/cake-designers/cupcakes-and-dessert-bars/knoxville/tennessee,2026-01-17
https://findmyweddingvendor.com/top-20/bridal-shops/plus-size-specialists/cedar-rapids/iowa,2026-01-17
https://findmyweddingvendor.com/top-20/carts/coffee-carts/Cedar Rapids/Iowa,2026-01-17
https://findmyweddingvendor.com/top-20/carts/champagne-carts/Salem/Oregon,2026-01-17
https://findmyweddingvendor.com/top-20/cake-designers/specialty-dietary/saint-paul/minnesota,2026-01-17
https://findmyweddingvendor.com/top-20/carts/champagne-carts/salem/oregon,2026-01-17
https://findmyweddingvendor.com/top-20/cake-designers/moderncontemporary/las-cruces/new-mexico,2026-01-17
https://findmyweddingvendor.com/top-20/cake-designers/specialty-dietary/pittsburgh/pennsylvania,2026-01-17
https://findmyweddingvendor.com/top-20/carts/cocktail-carts/Salem/Oregon,2026-01-17
https://findmyweddingvendor.com/top-20/wedding-decorators/floral-installations/Mobile/Alabama,2026-01-17
https://findmyweddingvendor.com/top-20/makeup-artists/cultural-specialists/Mobile/Alabama,2026-01-17
https://findmyweddingvendor.com/top-20/carts/dessert-carts/Salem/Oregon,2026-01-17
https://findmyweddingvendor.com/top-20/wedding-planners/destination-wedding-planning/springfield/illinois,2026-01-17
https://findmyweddingvendor.com/top-20/wedding-planners/destination-wedding-planning/tampa/florida,2026-01-17
https://findmyweddingvendor.com/top-20/wedding-planners/partial-planning/spokane/washington,2026-01-17
https://findmyweddingvendor.com/top-20/wedding-decorators/draping-&-linens/Mobile/Alabama,2026-01-17
https://findmyweddingvendor.com/top-20/carts/flower-carts/Salem/Oregon,2026-01-17
"https://findmyweddingvendor.com/top-20/wedding-decorators/floral-installations/Rapid 
City/South Dakota",2026-01-17
"https://findmyweddingvendor.com/top-20/wedding-decorators/floral-installations/Charleston/South 
Carolina",2026-01-17
"https://findmyweddingvendor.com/top-20/makeup-artists/cultural-specialists/Charleston/South 
Carolina",2026-01-17
https://findmyweddingvendor.com/top-20/carts/coffee-carts/Salem/Oregon,2026-01-17
https://findmyweddingvendor.com/top-20/hair-stylists/multicultural-hair/charlotte/north-carolina,2026-01-17
https://findmyweddingvendor.com/top-20/wedding-decorators/ceremony-decor/austin/texas,2026-01-17
https://findmyweddingvendor.com/top-20/videographers/cinematic-style/Dallas/Texas,2026-01-17
"https://findmyweddingvendor.com/top-20/carts/coffee-carts/Rapid City/South 
Dakota",2026-01-17
https://findmyweddingvendor.com/top-20/wedding-planners/partial-planning/las-cruces/new-mexico,2026-01-17
https://findmyweddingvendor.com/top-20/wedding-decorators/floral-installations/eugene/oregon,2026-01-17
"https://findmyweddingvendor.com/top-20/djs-and-bands/djs/Raleigh/North 
Carolina",2026-01-17
https://findmyweddingvendor.com/top-20/videographers/drone-videography/las-vegas/nevada,2026-01-17
https://findmyweddingvendor.com/top-20/hair-stylists/extensions-and-volume/tucson/arizona,2026-01-17
https://findmyweddingvendor.com/top-20/makeup-artists/bridal-makeup/tampa/florida,2026-01-17
"https://findmyweddingvendor.com/top-20/wedding-planners/destination-wedding-planning/Virginia 
Beach/Virginia",2026-01-17
https://findmyweddingvendor.com/top-20/bridal-shops/custom-design/Wilmington/Delaware,2026-01-17
https://findmyweddingvendor.com/top-20/venues/gardens-and-parks/springfield/missouri,2026-01-17
https://findmyweddingvendor.com/top-20/bridal-shops/custom-design/wilmington/delaware,2026-01-17
https://findmyweddingvendor.com/top-20/makeup-artists/naturalorganic/colorado-springs/colorado,2026-01-17
https://findmyweddingvendor.com/top-20/djs-and-bands/live-bands/nashville/tennessee,2026-01-17
https://findmyweddingvendor.com/top-20/bridal-shops/budget-friendly/los-angeles/california,2026-01-17
https://findmyweddingvendor.com/top-20/wedding-planners/partial-planning/bangor/maine,2026-01-17
https://findmyweddingvendor.com/top-20/makeup-artists/airbrush-makeup/austin/texas,2026-01-17
https://findmyweddingvendor.com/top-20/cake-designers/cupcakes-and-dessert-bars/fayetteville/arkansas,2026-01-17
https://findmyweddingvendor.com/top-20/djs-and-bands/djs/fort-smith/arkansas,2026-01-17
https://findmyweddingvendor.com/top-20/florists/minimalist/Sacramento/California,2026-01-17
https://findmyweddingvendor.com/top-20/venues/historic-buildings/spokane/washington,2026-01-17
https://findmyweddingvendor.com/top-20/carts/cocktail-carts/Mobile/Alabama,2026-01-17
https://findmyweddingvendor.com/top-20/carts/flower-carts/Mobile/Alabama,2026-01-17
https://findmyweddingvendor.com/top-20/hair-stylists/extensions-and-volume/kansas-city/missouri,2026-01-17
https://findmyweddingvendor.com/top-20/wedding-planners/destination-wedding-planning/Minneapolis/Minnesota,2026-01-17
"https://findmyweddingvendor.com/top-20/florists/minimalist/New 
Orleans/Louisiana",2026-01-17
https://findmyweddingvendor.com/top-20/cake-designers/rusticnaked-cakes/oklahoma-city/oklahoma,2026-01-17
https://findmyweddingvendor.com/top-20/makeup-artists/naturalorganic/sacramento/california,2026-01-17
https://findmyweddingvendor.com/top-20/caterers/middle-eastern/Austin/Texas,2026-01-17
https://findmyweddingvendor.com/top-20/wedding-planners/day-of-coordination/rockford/illinois,2026-01-17
https://findmyweddingvendor.com/top-20/makeup-artists/bridal-makeup/columbia/south-carolina,2026-01-17
https://findmyweddingvendor.com/top-20/carts/coffee-carts/salem/oregon,2026-01-17
https://findmyweddingvendor.com/top-20/venues/historic-buildings/augusta/maine,2026-01-17
https://findmyweddingvendor.com/top-20/venues/hotels-and-resorts/fayetteville/arkansas,2026-01-17
https://findmyweddingvendor.com/top-20/makeup-artists/naturalorganic/albuquerque/new-mexico,2026-01-17
https://findmyweddingvendor.com/top-20/caterers/american/memphis/tennessee,2026-01-17
"https://findmyweddingvendor.com/top-20/carts/cocktail-carts/Charleston/South 
Carolina",2026-01-17
https://findmyweddingvendor.com/top-20/bridal-shops/designer-gowns/frederick/maryland,2026-01-17
https://findmyweddingvendor.com/top-20/wedding-planners/partial-planning/augusta/maine,2026-01-17
https://findmyweddingvendor.com/top-20/wedding-planners/partial-planning/montpelier/vermont,2026-01-17
"https://findmyweddingvendor.com/top-20/hair-stylists/multicultural-hair/Newport/Rhode 
Island",2026-01-17
https://findmyweddingvendor.com/top-20/wedding-planners/day-of-coordination/mesa/arizona,2026-01-17
https://findmyweddingvendor.com/top-20/wedding-planners/day-of-coordination/detroit/michigan,2026-01-17
https://findmyweddingvendor.com/top-20/carts/coffee-carts/Jackson/Mississippi,2026-01-17
"https://findmyweddingvendor.com/top-20/carts/cocktail-carts/Jersey City/New 
Jersey",2026-01-17
https://findmyweddingvendor.com/top-20/venues/gardens-and-parks/fort-collins/colorado,2026-01-17
https://findmyweddingvendor.com/top-20/hair-stylists/extensions-and-volume/salt-lake-city/utah,2026-01-17
https://findmyweddingvendor.com/top-20/wedding-planners/partial-planning/virginia-beach/virginia,2026-01-17
https://findmyweddingvendor.com/top-20/wedding-planners/partial-planning/Richmond/Virginia,2026-01-17
https://findmyweddingvendor.com/top-20/videographers/cinematic-style/dallas/texas,2026-01-17
https://findmyweddingvendor.com/top-20/carts/cocktail-carts/athens/georgia,2026-01-17
"https://findmyweddingvendor.com/top-20/wedding-planners/partial-planning/Charleston/South 
Carolina",2026-01-17
https://findmyweddingvendor.com/top-20/florists/minimalist/Gulfport/Mississippi,2026-01-17
https://findmyweddingvendor.com/top-20/wedding-planners/partial-planning/Austin/Texas,2026-01-17
https://findmyweddingvendor.com/top-20/wedding-planners/partial-planning/Milwaukee/Wisconsin,2026-01-17
https://findmyweddingvendor.com/top-20/wedding-decorators/lighting-design/peoria/illinois,2026-01-17
"https://findmyweddingvendor.com/top-20/wedding-planners/partial-planning/Buffalo/New 
York",2026-01-17
https://findmyweddingvendor.com/top-20/photographers/traditional-photography/arkansas/arkansas,2026-01-17
https://findmyweddingvendor.com/top-20/photographers/aerial-photography/arkansas/arkansas,2026-01-17
https://findmyweddingvendor.com/top-20/photographers/engagement-specialists/iowa/iowa,2026-01-17
https://findmyweddingvendor.com/top-20/caterers/chinese/plano/texas,2026-01-16
https://findmyweddingvendor.com/top-20/hair-stylists/extensions-&-volume/Irving/Texas,2026-01-16
https://findmyweddingvendor.com/top-20/wedding-decorators/lighting-design/houston/texas,2026-01-16
https://findmyweddingvendor.com/top-20/videographers/live-streaming/Jackson/Mississippi,2026-01-16
"https://findmyweddingvendor.com/top-20/wedding-planners/partial-planning/San 
Diego/California",2026-01-16
https://findmyweddingvendor.com/top-20/makeup-artists/bridal-makeup/Tulsa/Oklahoma,2026-01-16
https://findmyweddingvendor.com/top-20/photographers/traditional-photography/sacramento/california,2026-01-16
https://findmyweddingvendor.com/top-20/caterers/middle-eastern/newark/new-jersey,2026-01-16
https://findmyweddingvendor.com/top-20/caterers/middle-eastern/missoula/montana,2026-01-16
https://findmyweddingvendor.com/top-20/makeup-artists/cultural-specialists/Jackson/Mississippi,2026-01-16
https://findmyweddingvendor.com/top-20/carts/dessert-carts/Jackson/Mississippi,2026-01-16
https://findmyweddingvendor.com/top-20/carts/flower-carts/fort-worth/texas,2026-01-16
https://findmyweddingvendor.com/top-20/caterers/american/fargo/north-dakota,2026-01-16
https://findmyweddingvendor.com/top-20/wedding-decorators/floral-installations/Kailua/Hawaii,2026-01-16
https://findmyweddingvendor.com/top-20/caterers/mexican/fargo/north-dakota,2026-01-16
https://findmyweddingvendor.com/top-20/makeup-artists/cultural-specialists/Kailua/Hawaii,2026-01-16
https://findmyweddingvendor.com/top-20/caterers/spanish/harrisburg/pennsylvania,2026-01-16
https://findmyweddingvendor.com/top-20/carts/champagne-carts/Kailua/Hawaii,2026-01-16
https://findmyweddingvendor.com/top-20/caterers/italian/fargo/north-dakota,2026-01-16
https://findmyweddingvendor.com/top-20/carts/dessert-carts/Kailua/Hawaii,2026-01-15
https://findmyweddingvendor.com/top-20/carts/matcha-carts/Kailua/Hawaii,2026-01-15
https://findmyweddingvendor.com/top-20/carts/matcha-carts/kailua/hawaii,2026-01-15
"https://findmyweddingvendor.com/top-20/wedding-planners/partial-planning/Manchester/New 
Hampshire",2026-01-15
"https://findmyweddingvendor.com/top-20/wedding-decorators/floral-installations/New 
York City/New York",2026-01-15
"https://findmyweddingvendor.com/top-20/makeup-artists/cultural-specialists/New 
York City/New York",2026-01-15
https://findmyweddingvendor.com/top-20/carts/coffee-carts/Kailua/Hawaii,2026-01-15
https://findmyweddingvendor.com/top-20/carts/flower-carts/Kailua/Hawaii,2026-01-15
https://findmyweddingvendor.com/top-20/venues/barns-and-farms/phoenix/arizona,2026-01-15
https://findmyweddingvendor.com/top-20/caterers/italian/houston/texas,2026-01-15
https://findmyweddingvendor.com/top-20/photographers/photojournalistic/fort-worth/texas,2026-01-15
https://findmyweddingvendor.com/top-20/caterers/mexican/columbia/south-carolina,2026-01-15
"https://findmyweddingvendor.com/top-20/carts/cocktail-carts/New York 
City/New York",2026-01-15
"https://findmyweddingvendor.com/top-20/carts/flower-carts/New York City/New 
York",2026-01-15
https://findmyweddingvendor.com/top-20/caterers/mediterranean/tulsa/oklahoma,2026-01-15
https://findmyweddingvendor.com/top-20/bridal-shops/designer-gowns/kansas-city/kansas,2026-01-15
"https://findmyweddingvendor.com/top-20/carts/matcha-carts/Albuquerque/New 
Mexico",2025-11-10
https://findmyweddingvendor.com/top-20/makeup-artists/utah/utah,2025-11-10
https://findmyweddingvendor.com/top-20/carts/flower-carts/Cheyenne/Wyoming,2025-11-10
https://findmyweddingvendor.com/top-20/videographers/delaware/delaware,2025-11-10
https://findmyweddingvendor.com/top-20/carts/Madison/Wisconsin,2025-11-10
https://findmyweddingvendor.com/top-20/wedding-decorators/Savannah/Georgia,2025-11-10
https://findmyweddingvendor.com/top-20/carts/matcha-carts/Athens/Georgia,2025-11-10
https://findmyweddingvendor.com/top-20/carts/flower-carts/Laramie/Wyoming,2025-11-10
https://findmyweddingvendor.com/top-20/carts/Grand Rapids/Michigan,2025-11-10
https://findmyweddingvendor.com/top-20/cake-designers/specialty-dietary/Plano/Texas,2025-11-10
https://findmyweddingvendor.com/top-20/photographers/traditional-photography/indiana/indiana,2025-11-10
https://findmyweddingvendor.com/top-20/videographers/cinematic-style/Scottsdale/Arizona,2025-11-10
https://findmyweddingvendor.com/top-20/wedding-decorators/ceremony-decor/Arlington/Texas,2025-11-10
https://findmyweddingvendor.com/top-20/videographers/traditional-videography/Juneau/Alaska,2025-11-10
https://findmyweddingvendor.com/top-20/carts/Galveston/Texas,2025-11-10
https://findmyweddingvendor.com/top-20/makeup-artists/destination-wedding/Burlington/Vermont,2025-11-10
https://findmyweddingvendor.com/top-20/carts/flower-carts/Springfield/Massachusetts,2025-11-10
"https://findmyweddingvendor.com/top-20/wedding-decorators/Las Cruces/New 
Mexico",2025-11-10
https://findmyweddingvendor.com/top-20/wedding-decorators/lighting-design/Juneau/Alaska,2025-11-10
https://findmyweddingvendor.com/top-20/wedding-decorators/ceremony-decor/Norman/Oklahoma,2025-11-10
https://findmyweddingvendor.com/top-20/carts/Dover/Delaware,2025-11-10
https://findmyweddingvendor.com/top-20/djs-and-bands/Rochester/Minnesota,2025-11-10
https://findmyweddingvendor.com/top-20/florists/washington/washington,2025-11-10
https://findmyweddingvendor.com/top-20/wedding-planners/destination-wedding-planning/Rochester/Minnesota,2025-11-10
https://findmyweddingvendor.com/top-20/carts/Salem/Oregon,2025-11-10
https://findmyweddingvendor.com/top-20/photographers/engagement-specialists/south/south-dakota,2025-11-10
https://findmyweddingvendor.com/top-20/wedding-decorators/reception-decor/Houston/Texas,2025-11-10
https://findmyweddingvendor.com/top-20/makeup-artists/destination-wedding/Dallas/Texas,2025-11-10
https://findmyweddingvendor.com/top-20/hair-stylists/orlando/florida,2025-11-10
https://findmyweddingvendor.com/top-20/wedding-decorators/themed-decor/Boston/Massachusetts,2025-11-10
https://findmyweddingvendor.com/top-20/wedding-decorators/el-paso/texas,2025-11-10
https://findmyweddingvendor.com/top-20/carts/matcha-carts/Newark/New Jersey,2025-11-10
https://findmyweddingvendor.com/top-20/videographers/traditional-videography/Rockford/Illinois,2025-11-10
https://findmyweddingvendor.com/top-20/photographers/traditional-photography/idaho/idaho,2025-11-10
https://findmyweddingvendor.com/top-20/carts/Fort Wayne/Indiana,2025-11-10
https://findmyweddingvendor.com/top-20/wedding-decorators/Montgomery/Alabama,2025-11-10
"https://findmyweddingvendor.com/top-20/wedding-decorators/reception-decor/Virginia 
Beach/Virginia",2025-11-10
https://findmyweddingvendor.com/top-20/carts/Laramie/Wyoming,2025-11-10
https://findmyweddingvendor.com/top-20/photographers/new/new-mexico,2025-11-10
https://findmyweddingvendor.com/top-20/videographers/cinematic-style/Ogden/Utah,2025-11-10
https://findmyweddingvendor.com/top-20/cake-designers/specialty-dietary/Seattle/Washington,2025-11-10
https://findmyweddingvendor.com/top-20/wedding-decorators/Norfolk/Virginia,2025-11-10
https://findmyweddingvendor.com/top-20/wedding-planners/Springfield/Massachusetts,2025-11-10
"https://findmyweddingvendor.com/top-20/cake-designers/traditional-cakes/Baton 
Rouge/Louisiana",2025-11-10
https://findmyweddingvendor.com/top-20/wedding-planners/partial-planning/Arlington/Texas,2025-11-10
https://findmyweddingvendor.com/top-20/carts/New Orleans/Louisiana,2025-11-10
https://findmyweddingvendor.com/top-20/wedding-planners/full-service-planning/Amarillo/Texas,2025-11-10
https://findmyweddingvendor.com/top-20/photographers/engagement-specialists/oregon/oregon,2025-11-10
https://findmyweddingvendor.com/top-20/carts/Bismarck/North Dakota,2025-11-10
https://findmyweddingvendor.com/top-20/caterers/massachusetts/massachusetts,2025-11-10
https://findmyweddingvendor.com/top-20/carts/San Francisco/California,2025-11-10
https://findmyweddingvendor.com/top-20/photographers/engagement-specialists/lubbock/texas,2025-11-10
"https://findmyweddingvendor.com/top-20/wedding-planners/Los 
Angeles/California",2025-11-10
https://findmyweddingvendor.com/top-20/photographers/photojournalistic/new/new-jersey,2025-11-10
https://findmyweddingvendor.com/top-20/carts/Warwick/Rhode Island,2025-11-10
"https://findmyweddingvendor.com/top-20/hair-stylists/on-location-services/Rochester/New 
York",2025-11-10
https://findmyweddingvendor.com/top-20/bridal-shops/custom-design/Omaha/Nebraska,2025-11-10
https://findmyweddingvendor.com/top-20/photographers/indiana/indiana,2025-11-10
https://findmyweddingvendor.com/top-20/bridal-shops/Knoxville/Tennessee,2025-11-10
"https://findmyweddingvendor.com/top-20/makeup-artists/destination-wedding/Oklahoma 
City/Oklahoma",2025-11-10
https://findmyweddingvendor.com/top-20/makeup-artists/houston/texas,2025-11-10
https://findmyweddingvendor.com/top-20/wedding-decorators/ceremony-decor/Houston/Texas,2025-11-10
"https://findmyweddingvendor.com/top-20/videographers/live-streaming/Charleston/South 
Carolina",2025-11-10
https://findmyweddingvendor.com/top-20/videographers/documentary-style/Knoxville/Tennessee,2025-11-10
https://findmyweddingvendor.com/top-20/cake-designers/nebraska/nebraska,2025-11-10
"https://findmyweddingvendor.com/top-20/carts/coffee-carts/Morgantown/West 
Virginia",2025-11-10
"https://findmyweddingvendor.com/top-20/wedding-decorators/ceremony-decor/Aberdeen/South 
Dakota",2025-11-10
https://findmyweddingvendor.com/top-20/videographers/michigan/michigan,2025-11-10
https://findmyweddingvendor.com/top-20/photographers/traditional-photography/connecticut/connecticut,2025-11-10
"https://findmyweddingvendor.com/top-20/makeup-artists/destination-wedding/Trenton/New 
Jersey",2025-11-10
https://findmyweddingvendor.com/top-20/videographers/utah/utah,2025-11-10
https://findmyweddingvendor.com/top-20/bridal-shops/indiana/indiana,2025-11-10
"https://findmyweddingvendor.com/top-20/cake-designers/traditional-cakes/Columbia/South 
Carolina",2025-11-10
https://findmyweddingvendor.com/top-20/hair-stylists/updos-&-formal-styles/Salem/Oregon,2025-11-10
https://findmyweddingvendor.com/top-20/djs-and-bands/Des Moines/Iowa,2025-11-10
https://findmyweddingvendor.com/top-20/djs-and-bands/Frederick/Maryland,2025-11-10
https://findmyweddingvendor.com/top-20/wedding-decorators/themed-decor/Houston/Texas,2025-11-10
https://findmyweddingvendor.com/top-20/videographers/Lubbock/Texas,2025-11-10
https://findmyweddingvendor.com/top-20/carts/flower-carts/Nashville/Tennessee,2025-11-10
https://findmyweddingvendor.com/top-20/videographers/cinematic-style/Amarillo/Texas,2025-11-10
https://findmyweddingvendor.com/top-20/carts/Cedar Rapids/Iowa,2025-11-10
https://findmyweddingvendor.com/top-20/videographers/live-streaming/Savannah/Georgia,2025-11-10
https://findmyweddingvendor.com/top-20/cake-designers/miami/florida,2025-11-10
https://findmyweddingvendor.com/top-20/photographers/oregon/oregon,2025-11-10
https://findmyweddingvendor.com/top-20/photographers/traditional-photography/houston/texas,2025-11-10
https://findmyweddingvendor.com/top-20/cake-designers/maine/maine,2025-11-10
https://findmyweddingvendor.com/top-20/carts/flower-carts/Miami/Florida,2025-11-10
https://findmyweddingvendor.com/top-20/djs-and-bands/Minneapolis/Minnesota,2025-11-10
https://findmyweddingvendor.com/top-20/wedding-decorators/Spokane/Washington,2025-11-10
https://findmyweddingvendor.com/top-20/cake-designers/buffalo/new-york,2025-11-10
https://findmyweddingvendor.com/top-20/wedding-decorators/Springfield/Massachusetts,2025-11-10
https://findmyweddingvendor.com/top-20/carts/flower-carts/Galveston/Texas,2025-11-10
https://findmyweddingvendor.com/top-20/carts/matcha-carts/Augusta/Maine,2025-11-10
https://findmyweddingvendor.com/top-20/makeup-artists/destination-wedding/Newark/Delaware,2025-11-10
"https://findmyweddingvendor.com/top-20/wedding-decorators/lighting-design/South 
Bend/Indiana",2025-11-10
https://findmyweddingvendor.com/top-20/carts/matcha-carts/Dover/Delaware,2025-11-10
https://findmyweddingvendor.com/top-20/caterers/alabama/alabama,2025-11-10
"https://findmyweddingvendor.com/top-20/wedding-decorators/Rapid City/South 
Dakota",2025-11-10
https://findmyweddingvendor.com/top-20/photographers/engagement-specialists/plano/texas,2025-11-10
https://findmyweddingvendor.com/top-20/wedding-planners/partial-planning/Gulfport/Mississippi,2025-11-10
https://findmyweddingvendor.com/top-20/videographers/cinematic-style/Sacramento/California,2025-11-10
https://findmyweddingvendor.com/top-20/bridal-shops/galveston/texas,2025-11-10
https://findmyweddingvendor.com/top-20/wedding-decorators/lighting-design/Cleveland/Ohio,2025-11-10
https://findmyweddingvendor.com/top-20/wedding-planners/kansas/kansas,2025-11-10
https://findmyweddingvendor.com/top-20/hair-stylists/sacramento/california,2025-11-10
https://findmyweddingvendor.com/top-20/wedding-planners/Springfield/Missouri,2025-11-10
https://findmyweddingvendor.com/top-20/makeup-artists/Irving/Texas,2025-11-10
https://findmyweddingvendor.com/top-20/makeup-artists/destination-wedding/Bangor/Maine,2025-11-10
https://findmyweddingvendor.com/top-20/makeup-artists/destination-wedding/Tacoma/Washington,2025-11-10
https://findmyweddingvendor.com/top-20/photographers/traditional-photography/new/new-hampshire,2025-11-10
https://findmyweddingvendor.com/top-20/wedding-decorators/Jackson/Mississippi,2025-11-10
https://findmyweddingvendor.com/top-20/djs-and-bands/El Paso/Texas,2025-11-10
https://findmyweddingvendor.com/top-20/photographers/aerial-photography/garland/texas,2025-11-10
https://findmyweddingvendor.com/top-20/videographers/live-streaming/Pocatello/Idaho,2025-11-10
https://findmyweddingvendor.com/top-20/wedding-planners/nebraska/nebraska,2025-11-10
https://findmyweddingvendor.com/top-20/wedding-decorators/Springfield/Illinois,2025-11-10
https://findmyweddingvendor.com/top-20/makeup-artists/bridal-makeup/Rochester/Minnesota,2025-11-10
"https://findmyweddingvendor.com/top-20/carts/coffee-carts/Warwick/Rhode 
Island",2025-11-10
https://findmyweddingvendor.com/top-20/videographers/amarillo/texas,2025-11-10
https://findmyweddingvendor.com/top-20/cake-designers/sacramento/california,2025-11-10
https://findmyweddingvendor.com/top-20/caterers/colorado/colorado,2025-11-10
https://findmyweddingvendor.com/top-20/cake-designers/louisiana/louisiana,2025-11-10
https://findmyweddingvendor.com/top-20/carts/matcha-carts/Shreveport/Louisiana,2025-11-10
https://findmyweddingvendor.com/top-20/carts/matcha-carts/Jackson/Mississippi,2025-11-10
https://findmyweddingvendor.com/top-20/photographers/fine-art/north/north-dakota,2025-11-10
https://findmyweddingvendor.com/top-20/hair-stylists/Casper/Wyoming,2025-11-10
https://findmyweddingvendor.com/top-20/carts/flower-carts/Topeka/Kansas,2025-11-10
https://findmyweddingvendor.com/top-20/cake-designers/indiana/indiana,2025-11-10
"https://findmyweddingvendor.com/top-20/caterers/middle-eastern/Fort 
Worth/Texas",2025-11-10
https://findmyweddingvendor.com/top-20/videographers/live-streaming/Arlington/Texas,2025-11-10
https://findmyweddingvendor.com/top-20/videographers/cinematic-style/Wilmington/Delaware,2025-11-10
"https://findmyweddingvendor.com/top-20/wedding-decorators/reception-decor/Kansas 
City/Kansas",2025-11-10
https://findmyweddingvendor.com/top-20/wedding-planners/Fort Worth/Texas,2025-11-10
"https://findmyweddingvendor.com/top-20/wedding-decorators/themed-decor/Kansas 
City/Kansas",2025-11-10
https://findmyweddingvendor.com/top-20/carts/coffee-carts/Detroit/Michigan,2025-11-10
https://findmyweddingvendor.com/top-20/wedding-planners/fort-worth/texas,2025-11-10
https://findmyweddingvendor.com/top-20/djs-and-bands/Lubbock/Texas,2025-11-10
https://findmyweddingvendor.com/top-20/wedding-planners/Knoxville/Tennessee,2025-11-10
"https://findmyweddingvendor.com/top-20/wedding-decorators/Myrtle 
Beach/South Carolina",2025-11-10
https://findmyweddingvendor.com/top-20/wedding-decorators/lighting-design/Eugene/Oregon,2025-11-10
https://findmyweddingvendor.com/top-20/carts/flower-carts/Ann Arbor/Michigan,2025-11-10
https://findmyweddingvendor.com/top-20/djs-and-bands/Orlando/Florida,2025-11-10
"https://findmyweddingvendor.com/top-20/carts/coffee-carts/Myrtle 
Beach/South Carolina",2025-11-10
https://findmyweddingvendor.com/top-20/carts/flower-carts/Fargo/North Dakota,2025-11-10
"https://findmyweddingvendor.com/top-20/makeup-artists/airbrush-makeup/Cedar 
Rapids/Iowa",2025-11-10
"https://findmyweddingvendor.com/top-20/djs-and-bands/djs/Corpus 
Christi/Texas",2025-11-10
https://findmyweddingvendor.com/top-20/wedding-decorators/lighting-design/Helena/Montana,2025-11-10
https://findmyweddingvendor.com/top-20/carts/coffee-carts/Idaho Falls/Idaho,2025-11-10
https://findmyweddingvendor.com/top-20/venues/hotels-&-resorts/Plano/Texas,2025-11-10
"https://findmyweddingvendor.com/top-20/wedding-decorators/themed-decor/Grand 
Forks/North Dakota",2025-11-10
"https://findmyweddingvendor.com/top-20/makeup-artists/airbrush-makeup/Columbia/South 
Carolina",2025-11-10
https://findmyweddingvendor.com/top-20/wedding-decorators/draping-&-linens/Anchorage/Alaska,2025-11-10
https://findmyweddingvendor.com/top-20/videographers/cinematic-style/Columbus/Ohio,2025-11-10
https://findmyweddingvendor.com/top-20/venues/massachusetts/massachusetts,2025-11-10
https://findmyweddingvendor.com/top-20/photographers/traditional-photography/alaska/alaska,2025-11-10
https://findmyweddingvendor.com/top-20/photographers/photojournalistic/north/north-carolina,2025-11-10
https://findmyweddingvendor.com/top-20/venues/Huntington/West Virginia,2025-11-10
https://findmyweddingvendor.com/top-20/photographers/fine-art/maine/maine,2025-11-10
https://findmyweddingvendor.com/top-20/wedding-decorators/Knoxville/Tennessee,2025-11-10
https://findmyweddingvendor.com/top-20/venues/Albuquerque/New Mexico,2025-11-10
https://findmyweddingvendor.com/top-20/photographers/traditional-photography/corpus-christi/texas,2025-11-10
"https://findmyweddingvendor.com/top-20/videographers/documentary-style/San 
Diego/California",2025-11-10
https://findmyweddingvendor.com/top-20/makeup-artists/cultural-specialists/Anchorage/Alaska,2025-11-10
https://findmyweddingvendor.com/top-20/bridal-shops/oregon/oregon,2025-11-10
https://findmyweddingvendor.com/top-20/videographers/drone-videography/Detroit/Michigan,2025-11-10
https://findmyweddingvendor.com/top-20/carts/coffee-carts/Helena/Montana,2025-11-10
https://findmyweddingvendor.com/top-20/videographers/live-streaming/Nashville/Tennessee,2025-11-10
https://findmyweddingvendor.com/top-20/bridal-shops/jacksonville/florida,2025-11-10
"https://findmyweddingvendor.com/top-20/makeup-artists/bridal-makeup/Cedar 
Rapids/Iowa",2025-11-10
https://findmyweddingvendor.com/top-20/cake-designers/specialty-dietary/Sacramento/California,2025-11-10
"https://findmyweddingvendor.com/top-20/bridal-shops/designer-gowns/Columbia/South 
Carolina",2025-11-10
https://findmyweddingvendor.com/top-20/bridal-shops/budget-friendly/Indianapolis/Indiana,2025-11-10
https://findmyweddingvendor.com/search/venues,2025-11-10
https://findmyweddingvendor.com/top-20/carts/Virginia Beach/Virginia,2025-11-10
https://findmyweddingvendor.com/top-20/videographers/san-antonio/texas,2025-11-10
"https://findmyweddingvendor.com/top-20/photographers/photojournalistic/Corpus 
Christi/Texas",2025-11-10
https://findmyweddingvendor.com/top-20/makeup-artists/cultural-specialists/Augusta/Georgia,2025-11-10
https://findmyweddingvendor.com/top-20/wedding-decorators/ceremony-decor/Rockford/Illinois,2025-11-10
https://findmyweddingvendor.com/top-20/wedding-decorators/reception-decor/Phoenix/Arizona,2025-11-10
"https://findmyweddingvendor.com/top-20/wedding-decorators/ceremony-decor/Durham/North 
Carolina",2025-11-10
"https://findmyweddingvendor.com/top-20/hair-stylists/extensions-&-volume/Myrtle 
Beach/South Carolina",2025-11-10
"https://findmyweddingvendor.com/top-20/wedding-decorators/draping-&-linens/Newark/New 
Jersey",2025-11-10
https://findmyweddingvendor.com/top-20/wedding-decorators/lighting-design/Garland/Texas,2025-11-10
https://findmyweddingvendor.com/top-20/photographers/north/north-dakota,2025-11-10
https://findmyweddingvendor.com/top-20/venues/idaho/idaho,2025-11-10
https://findmyweddingvendor.com/top-20/venues/Irving/Texas,2025-11-10
"https://findmyweddingvendor.com/top-20/wedding-planners/Columbia/South 
Carolina",2025-11-10
"https://findmyweddingvendor.com/top-20/wedding-decorators/lighting-design/Baton 
Rouge/Louisiana",2025-11-10
"https://findmyweddingvendor.com/top-20/djs-and-bands/cultural-music-specialists/El 
Paso/Texas",2025-11-10
https://findmyweddingvendor.com/top-20/cake-designers/north/north-carolina,2025-11-10
https://findmyweddingvendor.com/top-20/photographers/new/new-hampshire,2025-11-10
https://findmyweddingvendor.com/top-20/photographers/aerial-photography/mississippi/mississippi,2025-11-10
"https://findmyweddingvendor.com/top-20/makeup-artists/bridal-makeup/Jersey 
City/New Jersey",2025-11-10
https://findmyweddingvendor.com/top-20/photographers/Birmingham/Alabama,2025-11-10
https://findmyweddingvendor.com/top-20/photographers/engagement-specialists/ohio/ohio,2025-11-10
https://findmyweddingvendor.com/top-20/cake-designers/Kansas City/Kansas,2025-11-10
https://findmyweddingvendor.com/top-20/photographers/traditional-photography/nebraska/nebraska,2025-11-10
https://findmyweddingvendor.com/top-20/caterers/el-paso/texas,2025-11-10
https://findmyweddingvendor.com/top-20/makeup-artists/airbrush-makeup/Pocatello/Idaho,2025-11-10
https://findmyweddingvendor.com/top-20/photographers/aerial-photography/south/south-dakota,2025-11-10
"https://findmyweddingvendor.com/top-20/wedding-decorators/reception-decor/South 
Bend/Indiana",2025-11-10
https://findmyweddingvendor.com/top-20/bridal-shops/Las Cruces/New Mexico,2025-11-10
"https://findmyweddingvendor.com/top-20/photographers/traditional-photography/Corpus 
Christi/Texas",2025-11-10
https://findmyweddingvendor.com/top-20/wedding-decorators/draping-&-linens/Mesa/Arizona,2025-11-10
"https://findmyweddingvendor.com/top-20/bridal-shops/designer-gowns/Colorado 
Springs/Colorado",2025-11-10
https://findmyweddingvendor.com/top-20/makeup-artists/destination-wedding/Mobile/Alabama,2025-11-10
"https://findmyweddingvendor.com/top-20/wedding-decorators/reception-decor/Corpus 
Christi/Texas",2025-11-10
https://findmyweddingvendor.com/top-20/photographers/aerial-photography/vermont/vermont,2025-11-10
https://findmyweddingvendor.com/top-20/photographers/engagement-specialists/minnesota/minnesota,2025-11-10
https://findmyweddingvendor.com/top-20/videographers/cinematic-style/Norman/Oklahoma,2025-11-10
https://findmyweddingvendor.com/top-20/photographers/aerial-photography/rhode/rhode-island,2025-11-10
https://findmyweddingvendor.com/top-20/videographers/cinematic-style/Biloxi/Mississippi,2025-11-10
"https://findmyweddingvendor.com/top-20/videographers/cinematic-style/Buffalo/New 
York",2025-11-10
https://findmyweddingvendor.com/top-20/photographers/engagement-specialists/mississippi/mississippi,2025-11-10
https://findmyweddingvendor.com/top-20/wedding-planners/montana/montana,2025-11-10
https://findmyweddingvendor.com/top-20/photographers/photojournalistic/michigan/michigan,2025-11-10
"https://findmyweddingvendor.com/top-20/makeup-artists/Sioux Falls/South 
Dakota",2025-11-10
https://findmyweddingvendor.com/top-20/makeup-artists/destination-wedding/Kailua/Hawaii,2025-11-10
https://findmyweddingvendor.com/top-20/wedding-planners/mississippi/mississippi,2025-11-10
https://findmyweddingvendor.com/top-20/bridal-shops/delaware/delaware,2025-11-10
"https://findmyweddingvendor.com/top-20/videographers/cinematic-style/Columbia/South 
Carolina",2025-11-10
https://findmyweddingvendor.com/top-20/photographers/fine-art/rochester/new-york,2025-11-10
https://findmyweddingvendor.com/top-20/wedding-decorators/tampa/florida,2025-11-10
https://findmyweddingvendor.com/top-20/bridal-shops/connecticut/connecticut,2025-11-10
https://findmyweddingvendor.com/top-20/hair-stylists/on-location-services/Tampa/Florida,2025-11-10
"https://findmyweddingvendor.com/top-20/hair-stylists/extensions-&-volume/Raleigh/North 
Carolina",2025-11-10
https://findmyweddingvendor.com/top-20/photographers/traditional-photography/kansas/kansas,2025-11-10
https://findmyweddingvendor.com/top-20/venues/hotels-&-resorts/Shreveport/Louisiana,2025-11-10
"https://findmyweddingvendor.com/top-20/videographers/documentary-style/New 
York City/New York",2025-11-10
https://findmyweddingvendor.com/top-20/carts/coffee-carts/Eugene/Oregon,2025-11-10
https://findmyweddingvendor.com/top-20/djs-and-bands/hawaii/hawaii,2025-11-10
https://findmyweddingvendor.com/top-20/photographers/engagement-specialists/new/new-jersey,2025-11-10
https://findmyweddingvendor.com/top-20/wedding-decorators/nebraska/nebraska,2025-11-10
https://findmyweddingvendor.com/top-20/makeup-artists/cultural-specialists/Detroit/Michigan,2025-11-10
https://findmyweddingvendor.com/top-20/photographers/aerial-photography/dallas/texas,2025-11-10
https://findmyweddingvendor.com/top-20/videographers/live-streaming/Peoria/Illinois,2025-11-10
https://findmyweddingvendor.com/top-20/videographers/live-streaming/Cheyenne/Wyoming,2025-11-10
https://findmyweddingvendor.com/top-20/carts/Juneau/Alaska,2025-11-10
https://findmyweddingvendor.com/top-20/venues/georgia/georgia,2025-11-10
https://findmyweddingvendor.com/top-20/hair-stylists/St. Louis/Missouri,2025-11-10
https://findmyweddingvendor.com/top-20/hair-stylists/updos-&-formal-styles/Houston/Texas,2025-11-10
"https://findmyweddingvendor.com/top-20/hair-stylists/multicultural-hair/San 
Diego/California",2025-11-10
https://findmyweddingvendor.com/top-20/caterers/Sacramento/California,2025-11-10
"https://findmyweddingvendor.com/top-20/videographers/live-streaming/Green 
Bay/Wisconsin",2025-11-10
"https://findmyweddingvendor.com/top-20/makeup-artists/destination-wedding/Morgantown/West 
Virginia",2025-11-10
https://findmyweddingvendor.com/top-20/videographers/live-streaming/Davenport/Iowa,2025-11-10
https://findmyweddingvendor.com/top-20/videographers/traditional-videography/Tacoma/Washington,2025-11-10
https://findmyweddingvendor.com/top-20/hair-stylists/updos-&-formal-styles/Savannah/Georgia,2025-11-10
https://findmyweddingvendor.com/top-20/caterers/alaska/alaska,2025-11-10
"https://findmyweddingvendor.com/top-20/videographers/documentary-style/Rapid 
City/South Dakota",2025-11-10
"https://findmyweddingvendor.com/top-20/videographers/cinematic-style/Bismarck/North 
Dakota",2025-11-10
https://findmyweddingvendor.com/top-20/bridal-shops/designer-gowns/Fairbanks/Alaska,2025-11-10
"https://findmyweddingvendor.com/top-20/videographers/traditional-videography/Charlotte/North 
Carolina",2025-11-10
https://findmyweddingvendor.com/top-20/makeup-artists/delaware/delaware,2025-11-10
https://findmyweddingvendor.com/top-20/venues/hotels-&-resorts/Amarillo/Texas,2025-11-09
https://findmyweddingvendor.com/top-20/carts/matcha-carts/Detroit/Michigan,2025-11-09
https://findmyweddingvendor.com/top-20/makeup-artists/fort-worth/texas,2025-11-09
"https://findmyweddingvendor.com/top-20/carts/flower-carts/Virginia 
Beach/Virginia",2025-11-09
https://findmyweddingvendor.com/top-20/makeup-artists/bridal-makeup/Dallas/Texas,2025-11-09
"https://findmyweddingvendor.com/top-20/wedding-decorators/floral-installations/Sioux 
Falls/South Dakota",2025-11-09
https://findmyweddingvendor.com/top-20/makeup-artists/airbrush-makeup/Rockford/Illinois,2025-11-09
https://findmyweddingvendor.com/top-20/djs-and-bands/montana/montana,2025-11-09
https://findmyweddingvendor.com/top-20/wedding-decorators/Reno/Nevada,2025-11-09
"https://findmyweddingvendor.com/top-20/carts/coffee-carts/Fort 
Collins/Colorado",2025-11-09
https://findmyweddingvendor.com/top-20/venues/Corpus Christi/Texas,2025-11-09
https://findmyweddingvendor.com/top-20/caterers/sacramento/california,2025-11-09
https://findmyweddingvendor.com/top-20/makeup-artists/Scottsdale/Arizona,2025-11-09
https://findmyweddingvendor.com/top-20/hair-stylists/new-york-city/new-york,2025-11-09
https://findmyweddingvendor.com/top-20/wedding-planners/Irving/Texas,2025-11-09
https://findmyweddingvendor.com/top-20/hair-stylists/Amarillo/Texas,2025-11-09
https://findmyweddingvendor.com/top-20/makeup-artists/bridal-makeup/Jacksonville/Florida,2025-11-09
"https://findmyweddingvendor.com/top-20/makeup-artists/destination-wedding/Providence/Rhode 
Island",2025-11-09
https://findmyweddingvendor.com/top-20/makeup-artists/cultural-specialists/Dover/Delaware,2025-11-09
https://findmyweddingvendor.com/top-20/wedding-decorators/ceremony-decor/Augusta/Maine,2025-11-09
https://findmyweddingvendor.com/top-20/makeup-artists/cultural-specialists/Harrisburg/Pennsylvania,2025-11-09
"https://findmyweddingvendor.com/top-20/djs-and-bands/live-bands/El 
Paso/Texas",2025-11-09
https://findmyweddingvendor.com/top-20/wedding-planners/birmingham/alabama,2025-11-09
https://findmyweddingvendor.com/top-20/photographers/Rutland/Vermont,2025-11-09
https://findmyweddingvendor.com/top-20/carts/matcha-carts/Missoula/Montana,2025-11-09
"https://findmyweddingvendor.com/top-20/videographers/drone-videography/Fort 
Smith/Arkansas",2025-11-09
https://findmyweddingvendor.com/top-20/caterers/mediterranean/Garland/Texas,2025-11-09
https://findmyweddingvendor.com/top-20/florists/minimalist/Madison/Wisconsin,2025-11-09
"https://findmyweddingvendor.com/top-20/videographers/traditional-videography/Kansas 
City/Kansas",2025-11-09
"https://findmyweddingvendor.com/top-20/photographers/aerial-photography/El 
Paso/Texas",2025-11-09
https://findmyweddingvendor.com/top-20/bridal-shops/san-francisco/california,2025-11-09
https://findmyweddingvendor.com/top-20/wedding-decorators/reception-decor/Galveston/Texas,2025-11-09
"https://findmyweddingvendor.com/top-20/videographers/cinematic-style/Charlotte/North 
Carolina",2025-11-09
https://findmyweddingvendor.com/top-20/photographers/engagement-specialists/arizona/arizona,2025-11-09
https://findmyweddingvendor.com/top-20/wedding-planners/buffalo/new-york,2025-11-09
https://findmyweddingvendor.com/top-20/hair-stylists/new/new-mexico,2025-11-09
https://findmyweddingvendor.com/top-20/cake-designers/san-diego/california,2025-11-09
https://findmyweddingvendor.com/top-20/wedding-decorators/ceremony-decor/Galveston/Texas,2025-11-09
https://findmyweddingvendor.com/top-20/wedding-decorators/draping-&-linens/Burlington/Vermont,2025-11-09
https://findmyweddingvendor.com/top-20/hair-stylists/fort-smith/arkansas,2025-11-09
"https://findmyweddingvendor.com/top-20/wedding-decorators/Corpus 
Christi/Texas",2025-11-09
https://findmyweddingvendor.com/top-20/videographers/documentary-style/Gulfport/Mississippi,2025-11-09
https://findmyweddingvendor.com/top-20/djs-and-bands/live-bands/Amarillo/Texas,2025-11-09
https://findmyweddingvendor.com/top-20/photographers/aerial-photography/indiana/indiana,2025-11-09
https://findmyweddingvendor.com/top-20/photographers/photojournalistic/maryland/maryland,2025-11-09
https://findmyweddingvendor.com/top-20/carts/matcha-carts/Springfield/Illinois,2025-11-09
https://findmyweddingvendor.com/top-20/hair-stylists/updos-&-formal-styles/Mobile/Alabama,2025-11-09
https://findmyweddingvendor.com/top-20/bridal-shops/south/south-carolina,2025-11-09
https://findmyweddingvendor.com/top-20/photographers/photojournalistic/rochester/new-york,2025-11-09
https://findmyweddingvendor.com/top-20/photographers/fine-art/san-diego/california,2025-11-09
https://findmyweddingvendor.com/top-20/photographers/engagement-specialists/wisconsin/wisconsin,2025-11-09
https://findmyweddingvendor.com/top-20/wedding-decorators/lighting-design/Dallas/Texas,2025-11-09
https://findmyweddingvendor.com/top-20/videographers/documentary-style/Madison/Wisconsin,2025-11-09
https://findmyweddingvendor.com/top-20/wedding-decorators/themed-decor/Galveston/Texas,2025-11-09
https://findmyweddingvendor.com/top-20/photographers/fine-art/iowa/iowa,2025-11-09
https://findmyweddingvendor.com/top-20/videographers/documentary-style/Topeka/Kansas,2025-11-09
https://findmyweddingvendor.com/top-20/photographers/traditional-photography/miami/florida,2025-11-09
https://findmyweddingvendor.com/top-20/photographers/traditional-photography/missouri/missouri,2025-11-09
https://findmyweddingvendor.com/top-20/hair-stylists/on-location-services/Phoenix/Arizona,2025-11-09
https://findmyweddingvendor.com/top-20/bridal-shops/plus-size-specialists/Eugene/Oregon,2025-11-09
https://findmyweddingvendor.com/top-20/hair-stylists/on-location-services/Wilmington/Delaware,2025-11-09
"https://findmyweddingvendor.com/top-20/videographers/live-streaming/New 
Haven/Connecticut",2025-11-09
https://findmyweddingvendor.com/top-20/photographers/traditional-photography/maryland/maryland,2025-11-09
https://findmyweddingvendor.com/top-20/videographers/traditional-videography/Orlando/Florida,2025-11-09
https://findmyweddingvendor.com/top-20/hair-stylists/extensions-&-volume/Billings/Montana,2025-11-09
https://findmyweddingvendor.com/top-20/carts/matcha-carts/Burlington/Vermont,2025-11-09
https://findmyweddingvendor.com/top-20/photographers/traditional-photography/Amarillo/Texas,2025-11-09
"https://findmyweddingvendor.com/top-20/videographers/live-streaming/Trenton/New 
Jersey",2025-11-09
https://findmyweddingvendor.com/top-20/videographers/documentary-style/Shreveport/Louisiana,2025-11-09
"https://findmyweddingvendor.com/top-20/hair-stylists/multicultural-hair/Salt 
Lake City/Utah",2025-11-09
https://findmyweddingvendor.com/top-20/wedding-decorators/virginia/virginia,2025-11-09
"https://findmyweddingvendor.com/top-20/videographers/live-streaming/Kansas 
City/Kansas",2025-11-09
"https://findmyweddingvendor.com/top-20/videographers/documentary-style/Trenton/New 
Jersey",2025-11-09
https://findmyweddingvendor.com/top-20/cake-designers/Denver/Colorado,2025-11-09
https://findmyweddingvendor.com/top-20/photographers/fine-art/fort-worth/texas,2025-11-09
https://findmyweddingvendor.com/top-20/videographers/drone-videography/Anchorage/Alaska,2025-11-09
https://findmyweddingvendor.com/top-20/photographers/engagement-specialists/galveston/texas,2025-11-09
https://findmyweddingvendor.com/top-20/florists/modern-arrangements/Irving/Texas,2025-11-09
https://findmyweddingvendor.com/top-20/photographers/fine-art/garland/texas,2025-11-09
https://findmyweddingvendor.com/top-20/djs-and-bands/djs/Plano/Texas,2025-11-09
https://findmyweddingvendor.com/top-20/carts/flower-carts/Burlington/Vermont,2025-11-09
"https://findmyweddingvendor.com/top-20/wedding-decorators/Bismarck/North 
Dakota",2025-11-09
"https://findmyweddingvendor.com/top-20/hair-stylists/multicultural-hair/Colorado 
Springs/Colorado",2025-11-09
https://findmyweddingvendor.com/top-20/photographers/photojournalistic/new/new-hampshire,2025-11-09
"https://findmyweddingvendor.com/top-20/videographers/traditional-videography/Providence/Rhode 
Island",2025-11-09
"https://findmyweddingvendor.com/top-20/wedding-planners/cultural-wedding-specialists/El 
Paso/Texas",2025-11-09
https://findmyweddingvendor.com/top-20/hair-stylists/missouri/missouri,2025-11-09
"https://findmyweddingvendor.com/top-20/bridal-shops/custom-design/Des 
Moines/Iowa",2025-11-09
https://findmyweddingvendor.com/top-20/cake-designers/Corpus Christi/Texas,2025-11-09
https://findmyweddingvendor.com/top-20/florists/kentucky/kentucky,2025-11-09
https://findmyweddingvendor.com/top-20/photographers/photojournalistic/minnesota/minnesota,2025-11-09
"https://findmyweddingvendor.com/top-20/hair-stylists/updos-&-formal-styles/Cedar 
Rapids/Iowa",2025-11-09
"https://findmyweddingvendor.com/top-20/videographers/live-streaming/New 
York City/New York",2025-11-09
https://findmyweddingvendor.com/top-20/florists/minimalist/Garland/Texas,2025-11-09
https://findmyweddingvendor.com/top-20/wedding-decorators/ceremony-decor/Dallas/Texas,2025-11-09
https://findmyweddingvendor.com/top-20/carts/coffee-carts/Burlington/Vermont,2025-11-09
https://findmyweddingvendor.com/top-20/cake-designers/cupcakes-&-dessert-bars/Wilmington/Delaware,2025-11-09
"https://findmyweddingvendor.com/top-20/hair-stylists/extensions-&-volume/Rapid 
City/South Dakota",2025-11-09
https://findmyweddingvendor.com/top-20/makeup-artists/bridal-makeup/Irving/Texas,2025-11-09
https://findmyweddingvendor.com/top-20/wedding-decorators/floral-installations/Galveston/Texas,2025-11-09
"https://findmyweddingvendor.com/top-20/djs-and-bands/orchestras/Corpus 
Christi/Texas",2025-11-09
https://findmyweddingvendor.com/top-20/bridal-shops/fort-worth/texas,2025-11-09
https://findmyweddingvendor.com/top-20/bridal-shops/custom-design/Ogden/Utah,2025-11-09
"https://findmyweddingvendor.com/top-20/videographers/drone-videography/Los 
Angeles/California",2025-11-09
https://findmyweddingvendor.com/top-20/videographers/live-streaming/Topeka/Kansas,2025-11-09
"https://findmyweddingvendor.com/top-20/videographers/traditional-videography/Huntington/West 
Virginia",2025-11-09
"https://findmyweddingvendor.com/top-20/videographers/cinematic-style/Manchester/New 
Hampshire",2025-11-09
"https://findmyweddingvendor.com/top-20/makeup-artists/airbrush-makeup/San 
Diego/California",2025-11-09
"https://findmyweddingvendor.com/top-20/videographers/documentary-style/Salt 
Lake City/Utah",2025-11-09
https://findmyweddingvendor.com/top-20/hair-stylists/multicultural-hair/Burlington/Vermont,2025-11-09
https://findmyweddingvendor.com/top-20/videographers/cinematic-style/Wichita/Kansas,2025-11-09
https://findmyweddingvendor.com/top-20/djs-and-bands/amarillo/texas,2025-11-09
"https://findmyweddingvendor.com/top-20/wedding-planners/New 
Orleans/Louisiana",2025-11-09
"https://findmyweddingvendor.com/top-20/videographers/drone-videography/New 
Haven/Connecticut",2025-11-09
https://findmyweddingvendor.com/top-20/makeup-artists/Davenport/Iowa,2025-11-09
"https://findmyweddingvendor.com/top-20/wedding-planners/Morgantown/West 
Virginia",2025-11-09
"https://findmyweddingvendor.com/top-20/makeup-artists/bridal-makeup/San 
Diego/California",2025-11-09
https://findmyweddingvendor.com/top-20/makeup-artists/michigan/michigan,2025-11-09
"https://findmyweddingvendor.com/top-20/wedding-decorators/floral-installations/Green 
Bay/Wisconsin",2025-11-09
https://findmyweddingvendor.com/top-20/hair-stylists/updos-&-formal-styles/Stamford/Connecticut,2025-11-09
https://findmyweddingvendor.com/top-20/venues/barns-&-farms/Austin/Texas,2025-11-09
https://findmyweddingvendor.com/top-20/bridal-shops/Los Angeles/California,2025-11-09
"https://findmyweddingvendor.com/top-20/wedding-decorators/reception-decor/Grand 
Island/Nebraska",2025-11-09
"https://findmyweddingvendor.com/top-20/wedding-decorators/ceremony-decor/Grand 
Island/Nebraska",2025-11-09
https://findmyweddingvendor.com/top-20/caterers/Cleveland/Ohio,2025-11-09
https://findmyweddingvendor.com/top-20/cake-designers/Minneapolis/Minnesota,2025-11-09
https://findmyweddingvendor.com/top-20/wedding-planners/Chicago/Illinois,2025-11-09
https://findmyweddingvendor.com/top-20/caterers/Baltimore/Maryland,2025-11-09
https://findmyweddingvendor.com/top-20/wedding-decorators/floral-installations/Cheyenne/Wyoming,2025-11-09
https://findmyweddingvendor.com/top-20/carts/dessert-carts/Peoria/Illinois,2025-11-09
https://findmyweddingvendor.com/top-20/wedding-planners/destination-wedding-planning/Stamford/Connecticut,2025-11-09
https://findmyweddingvendor.com/top-20/bridal-shops/Louisville/Kentucky,2025-11-09
https://findmyweddingvendor.com/top-20/bridal-shops/designer-gowns/Ogden/Utah,2025-11-09
https://findmyweddingvendor.com/top-20/carts/Aberdeen/South Dakota,2025-11-09
https://findmyweddingvendor.com/top-20/carts/Detroit/Michigan,2025-11-09
https://findmyweddingvendor.com/top-20/photographers/traditional-photography/rochester/new-york,2025-11-09
"https://findmyweddingvendor.com/top-20/makeup-artists/destination-wedding/Kansas 
City/Kansas",2025-11-09
https://findmyweddingvendor.com/top-20/venues/wineries-&-vineyards/Galveston/Texas,2025-11-09
https://findmyweddingvendor.com/top-20/wedding-decorators/ceremony-decor/Baltimore/Maryland,2025-11-09
https://findmyweddingvendor.com/top-20/photographers/fine-art/arizona/arizona,2025-11-09
https://findmyweddingvendor.com/top-20/photographers/traditional-photography/maine/maine,2025-11-09
"https://findmyweddingvendor.com/top-20/florists/minimalist/San 
Diego/California",2025-11-09
https://findmyweddingvendor.com/top-20/carts/Colorado Springs/Colorado,2025-11-09
https://findmyweddingvendor.com/top-20/wedding-planners/partial-planning/Ogden/Utah,2025-11-09
https://findmyweddingvendor.com/top-20/videographers/maine/maine,2025-11-09
https://findmyweddingvendor.com/top-20/wedding-decorators/reception-decor/Davenport/Iowa,2025-11-09
"https://findmyweddingvendor.com/top-20/cake-designers/traditional-cakes/Aberdeen/South 
Dakota",2025-11-09
https://findmyweddingvendor.com/top-20/makeup-artists/Denver/Colorado,2025-11-09
https://findmyweddingvendor.com/top-20/photographers/engagement-specialists/utah/utah,2025-11-09
https://findmyweddingvendor.com/top-20/cake-designers/traditional-cakes/Savannah/Georgia,2025-11-09
https://findmyweddingvendor.com/top-20/cake-designers/specialty-dietary/Tucson/Arizona,2025-11-09
https://findmyweddingvendor.com/top-20/bridal-shops/plus-size-specialists/Harrisburg/Pennsylvania,2025-11-09
https://findmyweddingvendor.com/top-20/makeup-artists/cultural-specialists/Sacramento/California,2025-11-09
https://findmyweddingvendor.com/top-20/carts/Wilmington/Delaware,2025-11-09
https://findmyweddingvendor.com/top-20/wedding-decorators/lighting-design/Mobile/Alabama,2025-11-09
https://findmyweddingvendor.com/top-20/photographers/fine-art/oregon/oregon,2025-11-09
https://findmyweddingvendor.com/top-20/videographers/arkansas/arkansas,2025-11-09
https://findmyweddingvendor.com/top-20/wedding-decorators/floral-installations/Biloxi/Mississippi,2025-11-09
https://findmyweddingvendor.com/top-20/wedding-decorators/draping-&-linens/Shreveport/Louisiana,2025-11-09
"https://findmyweddingvendor.com/top-20/wedding-decorators/reception-decor/Colorado 
Springs/Colorado",2025-11-09
"https://findmyweddingvendor.com/top-20/makeup-artists/cultural-specialists/Green 
Bay/Wisconsin",2025-11-09
https://findmyweddingvendor.com/top-20/makeup-artists/new/new-mexico,2025-11-09
https://findmyweddingvendor.com/top-20/wedding-planners/new/new-hampshire,2025-11-09
"https://findmyweddingvendor.com/top-20/wedding-decorators/ceremony-decor/Colorado 
Springs/Colorado",2025-11-09
"https://findmyweddingvendor.com/top-20/wedding-decorators/draping-&-linens/Green 
Bay/Wisconsin",2025-11-09
https://findmyweddingvendor.com/top-20/florists/gulfport/mississippi,2025-11-09
"https://findmyweddingvendor.com/top-20/makeup-artists/airbrush-makeup/Fort 
Collins/Colorado",2025-11-09
https://findmyweddingvendor.com/top-20/cake-designers/traditional-cakes/Augusta/Georgia,2025-11-09
https://findmyweddingvendor.com/top-20/caterers/irving/texas,2025-11-09
https://findmyweddingvendor.com/top-20/wedding-planners/arizona/arizona,2025-11-09
https://findmyweddingvendor.com/top-20/wedding-decorators/houston/texas,2025-11-09
https://findmyweddingvendor.com/top-20/wedding-decorators/Philadelphia/Pennsylvania,2025-11-09
https://findmyweddingvendor.com/top-20/caterers/spanish/Garland/Texas,2025-11-09
"https://findmyweddingvendor.com/top-20/hair-stylists/updos-&-formal-styles/New 
Orleans/Louisiana",2025-11-09
"https://findmyweddingvendor.com/top-20/videographers/drone-videography/Bismarck/North 
Dakota",2025-11-09
"https://findmyweddingvendor.com/top-20/makeup-artists/cultural-specialists/Little 
Rock/Arkansas",2025-11-09
"https://findmyweddingvendor.com/top-20/wedding-decorators/themed-decor/Grand 
Island/Nebraska",2025-11-09
https://findmyweddingvendor.com/top-20/wedding-decorators/floral-installations/Lexington/Kentucky,2025-11-09
https://findmyweddingvendor.com/top-20/hair-stylists/on-location-services/Hilo/Hawaii,2025-11-09
"https://findmyweddingvendor.com/top-20/makeup-artists/cultural-specialists/Oklahoma 
City/Oklahoma",2025-11-09
https://findmyweddingvendor.com/top-20/makeup-artists/cultural-specialists/Knoxville/Tennessee,2025-11-09
https://findmyweddingvendor.com/top-20/wedding-decorators/ceremony-decor/Atlanta/Georgia,2025-11-09
https://findmyweddingvendor.com/top-20/wedding-decorators/floral-installations/Bangor/Maine,2025-11-09
https://findmyweddingvendor.com/top-20/hair-stylists/on-location-services/Laramie/Wyoming,2025-11-09
"https://findmyweddingvendor.com/top-20/wedding-decorators/draping-&-linens/Oklahoma 
City/Oklahoma",2025-11-09
https://findmyweddingvendor.com/top-20/makeup-artists/cultural-specialists/Madison/Wisconsin,2025-11-09
https://findmyweddingvendor.com/top-20/djs-and-bands/michigan/michigan,2025-11-09
https://findmyweddingvendor.com/top-20/caterers/miami/florida,2025-11-09
https://findmyweddingvendor.com/top-20/wedding-decorators/ceremony-decor/Fayetteville/Arkansas,2025-11-09
https://findmyweddingvendor.com/top-20/wedding-planners/Kansas City/Kansas,2025-11-09
"https://findmyweddingvendor.com/top-20/wedding-decorators/ceremony-decor/Des 
Moines/Iowa",2025-11-09
"https://findmyweddingvendor.com/top-20/videographers/live-streaming/Rapid 
City/South Dakota",2025-11-09
"https://findmyweddingvendor.com/top-20/wedding-decorators/draping-&-linens/San 
Diego/California",2025-11-09
https://findmyweddingvendor.com/top-20/florists/los-angeles/california,2025-11-09
"https://findmyweddingvendor.com/top-20/wedding-decorators/themed-decor/Grand 
Rapids/Michigan",2025-11-09
"https://findmyweddingvendor.com/top-20/wedding-decorators/floral-installations/Corpus 
Christi/Texas",2025-11-09
https://findmyweddingvendor.com/top-20/caterers/missouri/missouri,2025-11-09
"https://findmyweddingvendor.com/top-20/wedding-decorators/themed-decor/Colorado 
Springs/Colorado",2025-11-09
https://findmyweddingvendor.com/top-20/makeup-artists/airbrush-makeup/Denver/Colorado,2025-11-09
https://findmyweddingvendor.com/top-20/photographers/maine/maine,2025-11-09
"https://findmyweddingvendor.com/top-20/makeup-artists/cultural-specialists/Fort 
Wayne/Indiana",2025-11-09
https://findmyweddingvendor.com/top-20/hair-stylists/on-location-services/Pocatello/Idaho,2025-11-09
https://findmyweddingvendor.com/top-20/wedding-decorators/floral-installations/Anchorage/Alaska,2025-11-09
https://findmyweddingvendor.com/top-20/djs-and-bands/new-york-city/new-york,2025-11-09
https://findmyweddingvendor.com/top-20/wedding-planners/Plano/Texas,2025-11-09
https://findmyweddingvendor.com/top-20/cake-designers/specialty-dietary/Salem/Oregon,2025-11-09
https://findmyweddingvendor.com/top-20/bridal-shops/budget-friendly/Juneau/Alaska,2025-11-09
https://findmyweddingvendor.com/top-20/carts/flower-carts/Wilmington/Delaware,2025-11-09
https://findmyweddingvendor.com/top-20/djs-and-bands/Mobile/Alabama,2025-11-09
https://findmyweddingvendor.com/top-20/hair-stylists/on-location-services/Garland/Texas,2025-11-09
"https://findmyweddingvendor.com/top-20/wedding-decorators/themed-decor/Albuquerque/New 
Mexico",2025-11-09
"https://findmyweddingvendor.com/top-20/makeup-artists/cultural-specialists/Bowling 
Green/Kentucky",2025-11-09
https://findmyweddingvendor.com/top-20/carts/coffee-carts/Wichita/Kansas,2025-11-09
https://findmyweddingvendor.com/top-20/makeup-artists/cultural-specialists/Newark/Delaware,2025-11-09
https://findmyweddingvendor.com/top-20/makeup-artists/airbrush-makeup/Dover/Delaware,2025-11-09
https://findmyweddingvendor.com/top-20/cake-designers/Buffalo/New York,2025-11-09
https://findmyweddingvendor.com/top-20/videographers/orlando/florida,2025-11-09
https://findmyweddingvendor.com/top-20/wedding-decorators/Madison/Wisconsin,2025-11-09
https://findmyweddingvendor.com/top-20/photographers/engagement-specialists/tennessee/tennessee,2025-11-09
https://findmyweddingvendor.com/top-20/hair-stylists/Jersey City/New Jersey,2025-11-09
https://findmyweddingvendor.com/top-20/wedding-decorators/Augusta/Georgia,2025-11-09
https://findmyweddingvendor.com/top-20/djs-and-bands/corpus-christi/texas,2025-11-09
https://findmyweddingvendor.com/top-20/photographers/aerial-photography/utah/utah,2025-11-09
https://findmyweddingvendor.com/top-20/cake-designers/specialty-dietary/Lubbock/Texas,2025-11-09
https://findmyweddingvendor.com/top-20/wedding-decorators/reception-decor/Dallas/Texas,2025-11-09
https://findmyweddingvendor.com/top-20/cake-designers/traditional-cakes/Hilo/Hawaii,2025-11-09
https://findmyweddingvendor.com/top-20/wedding-decorators/draping-&-linens/Stamford/Connecticut,2025-11-09
"https://findmyweddingvendor.com/top-20/wedding-decorators/ceremony-decor/El 
Paso/Texas",2025-11-09
"https://findmyweddingvendor.com/top-20/wedding-decorators/reception-decor/Bowling 
Green/Kentucky",2025-11-09
https://findmyweddingvendor.com/top-20/wedding-planners/destination-wedding-planning/Chicago/Illinois,2025-11-09
https://findmyweddingvendor.com/top-20/cake-designers/Orlando/Florida,2025-11-09
https://findmyweddingvendor.com/states/california/san-francisco,2025-11-09
https://findmyweddingvendor.com/top-20/makeup-artists/airbrush-makeup/Lincoln/Nebraska,2025-11-09
https://findmyweddingvendor.com/top-20/carts/Springfield/Missouri,2025-11-09
https://findmyweddingvendor.com/top-20/videographers/massachusetts/massachusetts,2025-11-09
https://findmyweddingvendor.com/top-20/cake-designers/specialty-dietary/Springfield/Missouri,2025-11-09
https://findmyweddingvendor.com/top-20/wedding-decorators/Miami/Florida,2025-11-09
https://findmyweddingvendor.com/top-20/carts/Chicago/Illinois,2025-11-09
"https://findmyweddingvendor.com/top-20/cake-designers/cupcakes-&-dessert-bars/Manchester/New 
Hampshire",2025-11-09
https://findmyweddingvendor.com/top-20/hair-stylists/multicultural-hair/Biloxi/Mississippi,2025-11-09
"https://findmyweddingvendor.com/top-20/wedding-decorators/lighting-design/Green 
Bay/Wisconsin",2025-11-09
https://findmyweddingvendor.com/top-20/makeup-artists/bridal-makeup/Harrisburg/Pennsylvania,2025-11-09
https://findmyweddingvendor.com/top-20/bridal-shops/kansas/kansas,2025-11-09
https://findmyweddingvendor.com/top-20/djs-and-bands/Mesa/Arizona,2025-11-09
https://findmyweddingvendor.com/top-20/wedding-decorators/reception-decor/Laramie/Wyoming,2025-11-09
"https://findmyweddingvendor.com/top-20/cake-designers/specialty-dietary/Los 
Angeles/California",2025-11-09
"https://findmyweddingvendor.com/top-20/videographers/cinematic-style/Grand 
Rapids/Michigan",2025-11-09
"https://findmyweddingvendor.com/top-20/wedding-decorators/themed-decor/Carson 
City/Nevada",2025-11-09
https://findmyweddingvendor.com/top-20/makeup-artists/airbrush-makeup/Omaha/Nebraska,2025-11-09
https://findmyweddingvendor.com/top-20/wedding-decorators/themed-decor/Laramie/Wyoming,2025-11-09
https://findmyweddingvendor.com/top-20/wedding-decorators/draping-&-linens/Frederick/Maryland,2025-11-09
https://findmyweddingvendor.com/top-20/wedding-planners/Ann Arbor/Michigan,2025-11-09
https://findmyweddingvendor.com/top-20/photographers/fine-art/arlington/texas,2025-11-09
https://findmyweddingvendor.com/top-20/photographers/engagement-specialists/pennsylvania/pennsylvania,2025-11-09
https://findmyweddingvendor.com/top-20/caterers/chinese/Amarillo/Texas,2025-11-09
"https://findmyweddingvendor.com/top-20/makeup-artists/cultural-specialists/Myrtle 
Beach/South Carolina",2025-11-09
https://findmyweddingvendor.com/top-20/wedding-decorators/floral-installations/Indianapolis/Indiana,2025-11-09
https://findmyweddingvendor.com/top-20/makeup-artists/cultural-specialists/Annapolis/Maryland,2025-11-09
"https://findmyweddingvendor.com/top-20/wedding-decorators/draping-&-linens/Newport/Rhode 
Island",2025-11-09
https://findmyweddingvendor.com/top-20/caterers/Lubbock/Texas,2025-11-09
https://findmyweddingvendor.com/top-20/florists/El Paso/Texas,2025-11-09
https://findmyweddingvendor.com/top-20/bridal-shops/Irving/Texas,2025-11-09
"https://findmyweddingvendor.com/top-20/bridal-shops/plus-size-specialists/Newark/New 
Jersey",2025-11-09
https://findmyweddingvendor.com/top-20/makeup-artists/cultural-specialists/Peoria/Illinois,2025-11-09
https://findmyweddingvendor.com/top-20/photographers/fine-art/Galveston/Texas,2025-11-09
https://findmyweddingvendor.com/top-20/wedding-decorators/reception-decor/Worcester/Massachusetts,2025-11-09
https://findmyweddingvendor.com/top-20/florists/austin/texas,2025-11-09
https://findmyweddingvendor.com/top-20/bridal-shops/plus-size-specialists/Lincoln/Nebraska,2025-11-09
https://findmyweddingvendor.com/top-20/photographers/Newark/Delaware,2025-11-09
https://findmyweddingvendor.com/top-20/wedding-decorators/Memphis/Tennessee,2025-11-09
https://findmyweddingvendor.com/top-20/caterers/french/Arlington/Texas,2025-11-09
"https://findmyweddingvendor.com/top-20/makeup-artists/destination-wedding/Green 
Bay/Wisconsin",2025-11-09
https://findmyweddingvendor.com/top-20/wedding-decorators/themed-decor/Stamford/Connecticut,2025-11-09
https://findmyweddingvendor.com/top-20/wedding-decorators/reception-decor/Sacramento/California,2025-11-09
https://findmyweddingvendor.com/top-20/venues/fort-worth/texas,2025-11-09
https://findmyweddingvendor.com/top-20/makeup-artists/airbrush-makeup/Bangor/Maine,2025-11-09
"https://findmyweddingvendor.com/top-20/wedding-decorators/Aberdeen/South 
Dakota",2025-11-09
https://findmyweddingvendor.com/top-20/wedding-planners/full-service-planning/Arlington/Texas,2025-11-09
https://findmyweddingvendor.com/top-20/caterers/spanish/Galveston/Texas,2025-11-09
https://findmyweddingvendor.com/top-20/caterers/spanish/Irving/Texas,2025-11-09
https://findmyweddingvendor.com/top-20/bridal-shops/custom-design/Amarillo/Texas,2025-11-09
https://findmyweddingvendor.com/top-20/wedding-decorators/ceremony-decor/Augusta/Georgia,2025-11-09
"https://findmyweddingvendor.com/top-20/wedding-decorators/floral-installations/Myrtle 
Beach/South Carolina",2025-11-09
https://findmyweddingvendor.com/top-20/photographers/alabama/alabama,2025-11-09
https://findmyweddingvendor.com/top-20/makeup-artists/destination-wedding/Detroit/Michigan,2025-11-09
"https://findmyweddingvendor.com/top-20/wedding-decorators/lighting-design/Fort 
Collins/Colorado",2025-11-09
https://findmyweddingvendor.com/top-20/wedding-decorators/lighting-design/Rutland/Vermont,2025-11-09
https://findmyweddingvendor.com/top-20/wedding-decorators/lighting-design/Spokane/Washington,2025-11-09
https://findmyweddingvendor.com/top-20/djs-and-bands/cultural-music-specialists/Plano/Texas,2025-11-09
"https://findmyweddingvendor.com/top-20/djs-and-bands/solo-musicians/Fort 
Worth/Texas",2025-11-09
"https://findmyweddingvendor.com/top-20/makeup-artists/bridal-makeup/Newark/New 
Jersey",2025-11-09
"https://findmyweddingvendor.com/top-20/wedding-decorators/lighting-design/Kansas 
City/Missouri",2025-11-09
https://findmyweddingvendor.com/top-20/wedding-decorators/ceremony-decor/Boston/Massachusetts,2025-11-09
https://findmyweddingvendor.com/top-20/wedding-decorators/ceremony-decor/Worcester/Massachusetts,2025-11-09
https://findmyweddingvendor.com/top-20/bridal-shops/Fort Worth/Texas,2025-11-09
https://findmyweddingvendor.com/top-20/makeup-artists/cultural-specialists/Irving/Texas,2025-11-09
"https://findmyweddingvendor.com/top-20/wedding-decorators/draping-&-linens/Sioux 
Falls/South Dakota",2025-11-09
https://findmyweddingvendor.com/top-20/wedding-planners/cultural-wedding-specialists/Arlington/Texas,2025-11-09
"https://findmyweddingvendor.com/top-20/makeup-artists/destination-wedding/Charlotte/North 
Carolina",2025-11-09
https://findmyweddingvendor.com/top-20/makeup-artists/destination-wedding/Springfield/Illinois,2025-11-09
"https://findmyweddingvendor.com/top-20/makeup-artists/cultural-specialists/Huntington/West 
Virginia",2025-11-09
https://findmyweddingvendor.com/top-20/photographers/photojournalistic/Arlington/Texas,2025-11-09
"https://findmyweddingvendor.com/top-20/makeup-artists/bridal-makeup/Huntington/West 
Virginia",2025-11-09
https://findmyweddingvendor.com/top-20/wedding-decorators/lighting-design/Augusta/Georgia,2025-11-09
https://findmyweddingvendor.com/top-20/carts/Newark/Delaware,2025-11-09
https://findmyweddingvendor.com/top-20/wedding-planners/full-service-planning/Plano/Texas,2025-11-09
https://findmyweddingvendor.com/top-20/caterers/chinese/Irving/Texas,2025-11-09
https://findmyweddingvendor.com/top-20/makeup-artists/cultural-specialists/Phoenix/Arizona,2025-11-09
https://findmyweddingvendor.com/top-20/wedding-decorators/reception-decor/Tacoma/Washington,2025-11-09
https://findmyweddingvendor.com/top-20/venues/El Paso/Texas,2025-11-09
https://findmyweddingvendor.com/top-20/photographers/fine-art/corpus-christi/texas,2025-11-09
"https://findmyweddingvendor.com/top-20/wedding-decorators/themed-decor/New 
York City/New York",2025-11-09
https://findmyweddingvendor.com/states/new-york/new-york-city,2025-11-09
"https://findmyweddingvendor.com/top-20/caterers/mediterranean/Bowling 
Green/Kentucky",2025-11-09
https://findmyweddingvendor.com/top-20/wedding-decorators/floral-installations/Fayetteville/Arkansas,2025-11-08
https://findmyweddingvendor.com/top-20/wedding-decorators/lighting-design/Topeka/Kansas,2025-11-08
https://findmyweddingvendor.com/top-20/djs-and-bands/live-bands/Lubbock/Texas,2025-11-08
"https://findmyweddingvendor.com/top-20/makeup-artists/airbrush-makeup/Morgantown/West 
Virginia",2025-11-08
https://findmyweddingvendor.com/top-20/wedding-decorators/ceremony-decor/Sacramento/California,2025-11-08
https://findmyweddingvendor.com/top-20/florists/modern-arrangements/Amarillo/Texas,2025-11-08
https://findmyweddingvendor.com/top-20/caterers/french/Plano/Texas,2025-11-08
"https://findmyweddingvendor.com/top-20/makeup-artists/cultural-specialists/Providence/Rhode 
Island",2025-11-08
"https://findmyweddingvendor.com/top-20/wedding-decorators/themed-decor/Fort 
Collins/Colorado",2025-11-08
"https://findmyweddingvendor.com/top-20/makeup-artists/airbrush-makeup/Newport/Rhode 
Island",2025-11-08
https://findmyweddingvendor.com/top-20/caterers/indian/Arlington/Texas,2025-11-08
https://findmyweddingvendor.com/top-20/photographers/engagement-specialists/Plano/Texas,2025-11-08
"https://findmyweddingvendor.com/top-20/wedding-decorators/draping-&-linens/Fort 
Wayne/Indiana",2025-11-08
https://findmyweddingvendor.com/top-20/wedding-decorators/lighting-design/Tucson/Arizona,2025-11-08
"https://findmyweddingvendor.com/top-20/bridal-shops/budget-friendly/Corpus 
Christi/Texas",2025-11-08
"https://findmyweddingvendor.com/top-20/makeup-artists/airbrush-makeup/Las 
Cruces/New Mexico",2025-11-08
https://findmyweddingvendor.com/top-20/wedding-decorators/ceremony-decor/Boulder/Colorado,2025-11-08
https://findmyweddingvendor.com/top-20/makeup-artists/cultural-specialists/Orlando/Florida,2025-11-08
https://findmyweddingvendor.com/top-20/caterers/japanese/Arlington/Texas,2025-11-08
"https://findmyweddingvendor.com/top-20/makeup-artists/destination-wedding/Newark/New 
Jersey",2025-11-08
"https://findmyweddingvendor.com/top-20/wedding-decorators/draping-&-linens/Charlotte/North 
Carolina",2025-11-08
"https://findmyweddingvendor.com/top-20/wedding-decorators/floral-installations/Bowling 
Green/Kentucky",2025-11-08
"https://findmyweddingvendor.com/top-20/wedding-decorators/lighting-design/Morgantown/West 
Virginia",2025-11-08
https://findmyweddingvendor.com/top-20/djs-and-bands/live-bands/Irving/Texas,2025-11-08
https://findmyweddingvendor.com/top-20/photographers/aerial-photography/illinois/illinois,2025-11-08
https://findmyweddingvendor.com/top-20/wedding-decorators/lighting-design/Tulsa/Oklahoma,2025-11-08
https://findmyweddingvendor.com/top-20/wedding-decorators/lighting-design/Casper/Wyoming,2025-11-08
https://findmyweddingvendor.com/states/nevada/nevada,2025-11-08
https://findmyweddingvendor.com/states/missouri/springfield,2025-11-08
https://findmyweddingvendor.com/top-20/caterers/El Paso/Texas,2025-11-08
https://findmyweddingvendor.com/top-20/djs-and-bands/Fort Worth/Texas,2025-11-08
https://findmyweddingvendor.com/top-20/hair-stylists/Corpus Christi/Texas,2025-11-08
https://findmyweddingvendor.com/top-20/hair-stylists/Fort Worth/Texas,2025-11-08
"https://findmyweddingvendor.com/top-20/wedding-decorators/Green 
Bay/Wisconsin",2025-11-08
https://findmyweddingvendor.com/top-20/photographers/Corpus Christi/Texas,2025-11-08
https://findmyweddingvendor.com/top-20/wedding-decorators/Nashville/Tennessee,2025-11-08
"https://findmyweddingvendor.com/top-20/wedding-decorators/Little 
Rock/Arkansas",2025-11-08
"https://findmyweddingvendor.com/top-20/makeup-artists/cultural-specialists/Aberdeen/South 
Dakota",2025-11-08
https://findmyweddingvendor.com/top-20/wedding-decorators/themed-decor/Huntsville/Alabama,2025-11-08
"https://findmyweddingvendor.com/top-20/wedding-decorators/lighting-design/Huntington/West 
Virginia",2025-11-08
https://findmyweddingvendor.com/top-20/caterers/spanish/Fort Worth/Texas,2025-11-08
https://findmyweddingvendor.com/top-20/wedding-decorators/reception-decor/Biloxi/Mississippi,2025-11-08
https://findmyweddingvendor.com/top-20/photographers/photojournalistic/Galveston/Texas,2025-11-08
https://findmyweddingvendor.com/top-20/wedding-decorators/floral-installations/Norfolk/Virginia,2025-11-08
"https://findmyweddingvendor.com/top-20/wedding-decorators/Saint 
Paul/Minnesota",2025-11-08
https://findmyweddingvendor.com/top-20/caterers/corpus-christi/texas,2025-11-08
https://findmyweddingvendor.com/top-20/hair-stylists/updos-&-formal-styles/Richmond/Virginia,2025-11-08
https://findmyweddingvendor.com/top-20/photographers/engagement-specialists/Galveston/Texas,2025-11-08
"https://findmyweddingvendor.com/top-20/wedding-decorators/lighting-design/Colorado 
Springs/Colorado",2025-11-08
"https://findmyweddingvendor.com/top-20/makeup-artists/destination-wedding/Corpus 
Christi/Texas",2025-11-08
https://findmyweddingvendor.com/top-20/venues/ballrooms/Lubbock/Texas,2025-11-08
https://findmyweddingvendor.com/top-20/wedding-decorators/lighting-design/Billings/Montana,2025-11-08
https://findmyweddingvendor.com/top-20/caterers/new/new-jersey,2025-11-08
https://findmyweddingvendor.com/top-20/makeup-artists/airbrush-makeup/Wichita/Kansas,2025-11-08
https://findmyweddingvendor.com/top-20/makeup-artists/bridal-makeup/Wichita/Kansas,2025-11-08
https://findmyweddingvendor.com/top-20/venues/north/north-carolina,2025-11-08
https://findmyweddingvendor.com/top-20/venues/industrial-spaces/Arlington/Texas,2025-11-08
https://findmyweddingvendor.com/top-20/makeup-artists/airbrush-makeup/Wilmington/Delaware,2025-11-08
https://findmyweddingvendor.com/states/utah/utah,2025-11-08
https://findmyweddingvendor.com/top-20/makeup-artists/Bismarck/North Dakota,2025-11-08
"https://findmyweddingvendor.com/top-20/wedding-decorators/reception-decor/Idaho 
Falls/Idaho",2025-11-08
https://findmyweddingvendor.com/vendor/sample-vendor-r8,2025-11-08
https://findmyweddingvendor.com/top-20/hair-stylists/updos-&-formal-styles/Wichita/Kansas,2025-11-08
https://findmyweddingvendor.com/top-20/wedding-decorators/themed-decor/Billings/Montana,2025-11-08
https://findmyweddingvendor.com/top-20/bridal-shops/El Paso/Texas,2025-11-08
https://findmyweddingvendor.com/top-20/djs-and-bands/Galveston/Texas,2025-11-08
https://findmyweddingvendor.com/top-20/makeup-artists/bridal-makeup/Wilmington/Delaware,2025-11-08
"https://findmyweddingvendor.com/top-20/wedding-decorators/themed-decor/Idaho 
Falls/Idaho",2025-11-08
"https://findmyweddingvendor.com/top-20/djs-and-bands/live-bands/Corpus 
Christi/Texas",2025-11-08
"https://findmyweddingvendor.com/top-20/wedding-decorators/themed-decor/Newport/Rhode 
Island",2025-11-08
https://findmyweddingvendor.com/top-20/makeup-artists/airbrush-makeup/Irving/Texas,2025-11-08
"https://findmyweddingvendor.com/top-20/wedding-decorators/lighting-design/Fargo/North 
Dakota",2025-11-08
"https://findmyweddingvendor.com/top-20/florists/modern-arrangements/Corpus 
Christi/Texas",2025-11-08
https://findmyweddingvendor.com/top-20/makeup-artists/Springfield/Missouri,2025-11-08
"https://findmyweddingvendor.com/top-20/wedding-planners/day-of-coordination/Fort 
Worth/Texas",2025-11-08
https://findmyweddingvendor.com/top-20/photographers/fine-art/Amarillo/Texas,2025-11-08
https://findmyweddingvendor.com/top-20/florists/minimalist/Minneapolis/Minnesota,2025-11-08
https://findmyweddingvendor.com/top-20/makeup-artists/airbrush-makeup/Atlanta/Georgia,2025-11-08
https://findmyweddingvendor.com/top-20/bridal-shops/plus-size-specialists/Garland/Texas,2025-11-08
https://findmyweddingvendor.com/top-20/caterers/spanish/Amarillo/Texas,2025-11-08
"https://findmyweddingvendor.com/top-20/photographers/fine-art/Corpus 
Christi/Texas",2025-11-08
https://findmyweddingvendor.com/top-20/venues/ballrooms/Galveston/Texas,2025-11-08
https://findmyweddingvendor.com/top-20/wedding-decorators/floral-installations/Athens/Georgia,2025-11-08
"https://findmyweddingvendor.com/top-20/wedding-decorators/Morgantown/West 
Virginia",2025-11-08
https://findmyweddingvendor.com/top-20/photographers/Arlington/Texas,2025-11-08
https://findmyweddingvendor.com/top-20/wedding-decorators/floral-installations/Boston/Massachusetts,2025-11-08
https://findmyweddingvendor.com/top-20/hair-stylists/on-location-services/Lubbock/Texas,2025-11-08
https://findmyweddingvendor.com/top-20/wedding-decorators/ceremony-decor/Athens/Georgia,2025-11-08
https://findmyweddingvendor.com/top-20/photographers/engagement-specialists/Amarillo/Texas,2025-11-08
"https://findmyweddingvendor.com/top-20/wedding-decorators/ceremony-decor/Charlotte/North 
Carolina",2025-11-08
"https://findmyweddingvendor.com/top-20/wedding-decorators/draping-&-linens/Idaho 
Falls/Idaho",2025-11-08
"https://findmyweddingvendor.com/top-20/wedding-decorators/draping-&-linens/Rapid 
City/South Dakota",2025-11-08
https://findmyweddingvendor.com/top-20/wedding-decorators/buffalo/new-york,2025-11-08
https://findmyweddingvendor.com/top-20/cake-designers/Raleigh/North Carolina,2025-11-08
https://findmyweddingvendor.com/top-20/wedding-planners/partial-planning/Montpelier/Vermont,2025-11-08
https://findmyweddingvendor.com/top-20/wedding-planners/Sacramento/California,2025-11-08
https://findmyweddingvendor.com/top-20/photographers/photojournalistic/Lubbock/Texas,2025-11-08
https://findmyweddingvendor.com/top-20/photographers/photojournalistic/Amarillo/Texas,2025-11-08
"https://findmyweddingvendor.com/top-20/makeup-artists/destination-wedding/Rapid 
City/South Dakota",2025-11-08
"https://findmyweddingvendor.com/top-20/djs-and-bands/solo-musicians/El 
Paso/Texas",2025-11-08
https://findmyweddingvendor.com/top-20/wedding-decorators/floral-installations/Austin/Texas,2025-11-08
https://findmyweddingvendor.com/top-20/wedding-decorators/lighting-design/Cheyenne/Wyoming,2025-11-08
"https://findmyweddingvendor.com/top-20/wedding-decorators/themed-decor/South 
Bend/Indiana",2025-11-08
https://findmyweddingvendor.com/top-20/caterers/Garland/Texas,2025-11-08
https://findmyweddingvendor.com/top-20/wedding-planners/Atlanta/Georgia,2025-11-08
https://findmyweddingvendor.com/top-20/bridal-shops/alabama/alabama,2025-11-08
https://findmyweddingvendor.com/top-20/bridal-shops/Albany/New York,2025-11-08
https://findmyweddingvendor.com/top-20/makeup-artists/bridal-makeup/Atlanta/Georgia,2025-11-08
https://findmyweddingvendor.com/states/texas/el-paso,2025-11-08
https://findmyweddingvendor.com/top-20/carts/Minneapolis/Minnesota,2025-11-08
https://findmyweddingvendor.com/top-20/wedding-decorators/reception-decor/Cincinnati/Ohio,2025-11-08
https://findmyweddingvendor.com/top-20/makeup-artists/destination-wedding/Tampa/Florida,2025-11-08
https://findmyweddingvendor.com/top-20/wedding-decorators/Denver/Colorado,2025-11-08
https://findmyweddingvendor.com/top-20/wedding-decorators/Billings/Montana,2025-11-08
https://findmyweddingvendor.com/top-20/carts/Eugene/Oregon,2025-11-08
https://findmyweddingvendor.com/top-20/carts/Huntington/West Virginia,2025-11-08
https://findmyweddingvendor.com/top-20/carts/Montpelier/Vermont,2025-11-08
https://findmyweddingvendor.com/top-20/bridal-shops/albany/new-york,2025-11-08
https://findmyweddingvendor.com/top-20/wedding-planners/partial-planning/Galveston/Texas,2025-11-08
https://findmyweddingvendor.com/top-20/hair-stylists/on-location-services/Harrisburg/Pennsylvania,2025-11-08
https://findmyweddingvendor.com/top-20/makeup-artists/El Paso/Texas,2025-11-08
https://findmyweddingvendor.com/top-20/wedding-decorators/Worcester/Massachusetts,2025-11-08
https://findmyweddingvendor.com/top-20/wedding-decorators/Tampa/Florida,2025-11-08
https://findmyweddingvendor.com/top-20/wedding-decorators/themed-decor/Miami/Florida,2025-11-08
https://findmyweddingvendor.com/top-20/wedding-decorators/themed-decor/Norman/Oklahoma,2025-11-08
https://findmyweddingvendor.com/top-20/carts/Newark/New Jersey,2025-11-08
https://findmyweddingvendor.com/top-20/wedding-planners/destination-wedding-planning/Irving/Texas,2025-11-08
https://findmyweddingvendor.com/top-20/wedding-planners/partial-planning/Plano/Texas,2025-11-08
https://findmyweddingvendor.com/top-20/florists/san-francisco/california,2025-11-08
https://findmyweddingvendor.com/top-20/wedding-decorators/ceremony-decor/Cincinnati/Ohio,2025-11-08
https://findmyweddingvendor.com/top-20/makeup-artists/destination-wedding/Wilmington/Delaware,2025-11-08
"https://findmyweddingvendor.com/top-20/djs-and-bands/orchestras/Kansas 
City/Missouri",2025-11-08
https://findmyweddingvendor.com/top-20/caterers/chinese/Carson City/Nevada,2025-11-08
https://findmyweddingvendor.com/top-20/carts/Ann Arbor/Michigan,2025-11-08
https://findmyweddingvendor.com/top-20/carts/Salt Lake City/Utah,2025-11-08
https://findmyweddingvendor.com/top-20/florists/minimalist/El Paso/Texas,2025-11-08
https://findmyweddingvendor.com/top-20/carts/Providence/Rhode Island,2025-11-08
https://findmyweddingvendor.com/top-20/hair-stylists/multicultural-hair/Peoria/Illinois,2025-11-08
https://findmyweddingvendor.com/top-20/bridal-shops/west/west-virginia,2025-11-08
"https://findmyweddingvendor.com/top-20/wedding-decorators/Colorado 
Springs/Colorado",2025-11-08
"https://findmyweddingvendor.com/top-20/videographers/live-streaming/Raleigh/North 
Carolina",2025-11-08
https://findmyweddingvendor.com/top-20/carts/Louisville/Kentucky,2025-11-08
https://findmyweddingvendor.com/top-20/carts/Kansas City/Missouri,2025-11-08
https://findmyweddingvendor.com/top-20/wedding-decorators/Ann Arbor/Michigan,2025-11-08
https://findmyweddingvendor.com/top-20/videographers/drone-videography/Omaha/Nebraska,2025-11-08
https://findmyweddingvendor.com/top-20/bridal-shops/custom-design/Madison/Wisconsin,2025-11-08
https://findmyweddingvendor.com/top-20/caterers/chinese/Kansas City/Missouri,2025-11-08
https://findmyweddingvendor.com/top-20/bridal-shops/budget-friendly/Amarillo/Texas,2025-11-08
https://findmyweddingvendor.com/top-20/videographers/cinematic-style/Irving/Texas,2025-11-08
https://findmyweddingvendor.com/top-20/carts/Anchorage/Alaska,2025-11-08
https://findmyweddingvendor.com/top-20/wedding-decorators/themed-decor/Dover/Delaware,2025-11-08
https://findmyweddingvendor.com/top-20/wedding-decorators/Davenport/Iowa,2025-11-08
https://findmyweddingvendor.com/top-20/carts/Manchester/New Hampshire,2025-11-08